,Key,ds,y
0,NBRX_Brand1,2023-01-06,0.007223597083807104
1,NBRX_Brand1,2023-01-13,0.010850913495508228
2,NBRX_Brand1,2023-01-20,0.016455636173946034
3,NBRX_Brand1,2023-01-27,0.01623603351955307
4,NBRX_Brand1,2023-02-03,0.020468108914584112
5,NBRX_Brand1,2023-02-10,0.017361111111111112
6,NBRX_Brand1,2023-02-17,0.021356891671669955
7,NBRX_Brand1,2023-02-24,0.02014388489208633
8,NBRX_Brand1,2023-03-03,0.013764595585101852
9,NBRX_Brand1,2023-03-10,0.02304268133019115
10,NBRX_Brand1,2023-03-17,0.017550618552288
11,NBRX_Brand1,2023-03-24,0.018352172604977006
12,NBRX_Brand1,2023-03-31,0.024661269001982816
13,NBRX_Brand1,2023-04-07,0.02265984434793826
14,NBRX_Brand1,2023-04-14,0.024511949575418013
15,NBRX_Brand1,2023-04-21,0.024829830044094354
16,NBRX_Brand1,2023-04-28,0.017781467080256894
17,NBRX_Brand1,2023-05-05,0.011063829787234043
18,NBRX_Brand1,2023-05-12,0.02523848226889678
19,NBRX_Brand1,2023-05-19,0.024063710718897978
20,NBRX_Brand1,2023-05-26,0.016224253290768355
21,NBRX_Brand1,2023-06-02,0.021277796591037363
22,NBRX_Brand1,2023-06-09,0.016090033850617663
23,NBRX_Brand1,2023-06-16,0.026609213273510724
24,NBRX_Brand1,2023-06-23,0.020518981259010093
25,NBRX_Brand1,2023-06-30,0.01646294709304948
26,NBRX_Brand1,2023-07-07,0.01665754757128093
27,NBRX_Brand1,2023-07-14,0.015824982637166387
28,NBRX_Brand1,2023-07-21,0.014055940757511438
29,NBRX_Brand1,2023-07-28,0.018518518518518517
30,NBRX_Brand1,2023-08-04,0.02412496643093725
31,NBRX_Brand1,2023-08-11,0.020983516231231916
32,NBRX_Brand1,2023-08-18,0.017288401978458837
33,NBRX_Brand1,2023-08-25,0.02294395437939945
34,NBRX_Brand1,2023-09-01,0.012456682588742156
35,NBRX_Brand1,2023-09-08,0.009544603867747973
36,NBRX_Brand1,2023-09-15,0.016668245098967704
37,NBRX_Brand1,2023-09-22,0.021505830657427748
38,NBRX_Brand1,2023-09-29,0.019810667282382823
39,NBRX_Brand1,2023-10-06,0.020477067438393406
40,NBRX_Brand1,2023-10-13,0.028657010014306154
41,NBRX_Brand1,2023-10-20,0.02764058181159092
42,NBRX_Brand1,2023-10-27,0.03124861682822113
43,NBRX_Brand1,2023-11-03,0.022897506399924147
44,NBRX_Brand1,2023-11-10,0.028699009256244478
45,NBRX_Brand1,2023-11-17,0.02035481659238944
46,NBRX_Brand1,2023-11-24,0.019901112484548827
47,NBRX_Brand1,2023-12-01,0.02628875607022787
48,NBRX_Brand1,2023-12-08,0.014908413253943003
49,NBRX_Brand1,2023-12-15,0.008539868188990996
50,NBRX_Brand1,2023-12-22,0.027117903930131006
51,NBRX_Brand1,2023-12-29,0.015318512983373809
52,NBRX_Brand1,2024-01-05,0.012144188138533702
53,NBRX_Brand1,2024-01-12,0.012098799251244121
54,NBRX_Brand1,2024-01-19,0.015667821500594654
55,NBRX_Brand1,2024-01-26,0.01669242658423493
56,Others,2023-01-06,0.012507524580295632
57,Others,2023-01-13,0.014989401433329967
58,Others,2023-01-20,0.0198226395409494
59,Others,2023-01-27,0.02033868715083799
60,Others,2023-02-03,0.023638567698619918
61,Others,2023-02-10,0.020957341269841268
62,Others,2023-02-17,0.023415387254481515
63,Others,2023-02-24,0.02360611510791367
64,Others,2023-03-03,0.01708855365209239
65,Others,2023-03-10,0.026010299380291525
66,Others,2023-03-17,0.02037584007533924
67,Others,2023-03-24,0.02157562212575751
68,Others,2023-03-31,0.027511566424322537
69,Others,2023-04-07,0.02511071935331298
70,Others,2023-04-14,0.026831830517377222
71,Others,2023-04-21,0.028254634188107367
72,Others,2023-04-28,0.019965922495521867
73,Others,2023-05-05,0.013751399776035834
74,Others,2023-05-12,0.027591222141421054
75,Others,2023-05-19,0.026259147653895823
76,Others,2023-05-26,0.01919797087506013
77,Others,2023-06-02,0.02630093690032735
78,Others,2023-06-09,0.018639820635688222
79,Others,2023-06-16,0.03038514504020257
80,Others,2023-06-23,0.02383469485824123
81,Others,2023-06-30,0.018718145324974064
82,Others,2023-07-07,0.018359778709951972
83,Others,2023-07-14,0.01686675265403314
84,Others,2023-07-21,0.01721616904862978
85,Others,2023-07-28,0.0223243293418732
86,Others,2023-08-04,0.02757139020678543
87,Others,2023-08-11,0.022360989944441894
88,Others,2023-08-18,0.019322331622983406
89,Others,2023-08-25,0.027042680210282454
90,Others,2023-09-01,0.01526646061627798
91,Others,2023-09-08,0.011790393013100437
92,Others,2023-09-15,0.020172364807273416
93,Others,2023-09-22,0.024716917356768633
94,Others,2023-09-29,0.02345878549988455
95,Others,2023-10-06,0.02394106813996317
96,Others,2023-10-13,0.02914878397711016
97,Others,2023-10-20,0.030449952421949346
98,Others,2023-10-27,0.03408135263134599
99,Others,2023-11-03,0.02493600075850953
100,Others,2023-11-10,0.030885157449183683
101,Others,2023-11-17,0.023311621528968117
102,Others,2023-11-24,0.022682323856613104
103,Others,2023-12-01,0.028343294732909974
104,Others,2023-12-08,0.01754465706104268
105,Others,2023-12-15,0.009700176366843033
106,Others,2023-12-22,0.029606986899563318
107,Others,2023-12-29,0.018245220748489943
108,Others,2024-01-05,0.016063740923986377
109,Others,2024-01-12,0.015477331872346255
110,Others,2024-01-19,0.01949428615750556
111,Others,2024-01-26,0.01893353941267388
112,Others,2024-02-02,0.019041416037699706
113,Others,2023-01-06,0.05003009832118253
114,Others,2023-01-13,0.032906026042192386
115,Others,2023-01-20,0.046474130981173235
116,Others,2023-01-27,0.052374301675977654
117,Others,2023-02-03,0.04988810145468109
118,Others,2023-02-10,0.04604828042328042
119,Others,2023-02-17,0.04305686594047517
120,Others,2023-02-24,0.034802158273381296
121,Others,2023-03-03,0.03741583567714992
122,Others,2023-03-10,0.043292310377934885
123,Others,2023-03-17,0.039125037455588374
124,Others,2023-03-24,0.04813684617698886
125,Others,2023-03-31,0.05551883674818242
126,Others,2023-04-07,0.03938599131444297
127,Others,2023-04-14,0.038781405935393504
128,Others,2023-04-21,0.03818656620574511
129,Others,2023-04-28,0.04945607060159902
130,Others,2023-05-05,0.04506159014557671
131,Others,2023-05-12,0.044744834666552595
132,Others,2023-05-19,0.04012053379250968
133,Others,2023-05-26,0.03314820483666419
134,Others,2023-06-02,0.04142679760695338
135,Others,2023-06-09,0.05978810392579241
136,Others,2023-06-16,0.03802585402692017
137,Others,2023-06-23,0.04661220567035079
138,Others,2023-06-30,0.034730052771638625
139,Others,2023-07-07,0.038786552374004496
140,Others,2023-07-14,0.04315904355590833
141,Others,2023-07-21,0.042450827791141926
142,Others,2023-07-28,0.042606516290726815
143,Others,2023-08-04,0.057291200429684004
144,Others,2023-08-11,0.050415537903485005
145,Others,2023-08-18,0.051772754587898116
146,Others,2023-08-25,0.048115477145148355
147,Others,2023-09-01,0.0470169523274328
148,Others,2023-09-08,0.043668122270742356
149,Others,2023-09-15,0.06686239227199546
150,Others,2023-09-22,0.04909582558729086
151,Others,2023-09-29,0.033710459478180556
152,Others,2023-10-06,0.04665438919582566
153,Others,2023-10-13,0.042471387696709585
154,Others,2023-10-20,0.05401241560560062
155,Others,2023-10-27,0.05665471606249724
156,Others,2023-11-03,0.05859486109794254
157,Others,2023-11-10,0.045955625843062474
158,Others,2023-11-17,0.054593760713061365
159,Others,2023-11-24,0.060444993819530286
160,Others,2023-12-01,0.04902876354127755
161,Others,2023-12-08,0.039907276941957184
162,Others,2023-12-15,0.03350970017636684
163,Others,2023-12-22,0.031353711790393014
164,Others,2023-12-29,0.036490441496979886
165,Others,2024-01-05,0.030842382574053848
166,Others,2024-01-12,0.024014975117563803
167,Others,2024-01-19,0.037023631004705515
168,Others,2024-01-26,0.043972179289026275
169,Others,2024-02-02,0.0328723037431516
170,Others,2023-01-06,0.0022740953782355694
171,Others,2023-01-13,0.002472998889673968
172,Others,2023-01-20,0.005453597002892777
173,Others,2023-01-27,0.006503142458100558
174,Others,2023-02-03,0.00489556135770235
175,Others,2023-02-10,0.005828373015873016
176,Others,2023-02-17,0.005274894930954626
177,Others,2023-02-24,0.004226618705035971
178,Others,2023-03-03,0.009119577260717633
179,Others,2023-03-10,0.002356637863315004
180,Others,2023-03-17,0.0010273532811095416
181,Others,2023-03-24,0.0024928009627369235
182,Others,2023-03-31,0.0028916060806345014
183,Others,2023-04-07,0.0025368706195984005
184,Others,2023-04-14,0.00262628031165193
185,Others,2023-04-21,0.0006421507770024402
186,Others,2023-04-28,0.005330071213246536
187,Others,2023-05-05,0.0004927211646136618
188,Others,2023-05-12,0.0020533002523848228
189,Others,2023-05-19,0.0005596211795092553
190,Others,2023-05-26,0.0026675995976735032
191,Others,2023-06-02,0.00011287955751213455
192,Others,2023-06-09,0.007517474831845958
193,Others,2023-06-16,0.006130336280040869
194,Others,2023-06-23,0.005382027871215762
195,Others,2023-06-30,0.006089035226196382
196,Others,2023-07-07,0.0007903216000972702
197,Others,2023-07-14,0.002480404802063697
198,Others,2023-07-21,0.0015093627659072686
199,Others,2023-07-28,0.0023670286828181564
200,Others,2023-08-04,0.003088353773162653
201,Others,2023-08-11,0.004407915882271914
202,Others,2023-08-18,0.005084824111311423
203,Others,2023-08-25,0.0019602601799875254
204,Others,2023-09-01,0.0008429334082607474
205,Others,2023-09-08,0.0006862133499688085
206,Others,2023-09-15,0.00014205890709347477
207,Others,2023-09-22,0.0004225114078080108
208,Others,2023-09-29,0.005633802816901409
209,Others,2023-10-06,0.0005261773217574323
210,Others,2023-10-13,0.003665951359084407
211,Others,2023-10-20,0.0024015587475644568
212,Others,2023-10-27,0.0020360288584959944
213,Others,2023-11-03,0.0005688821465819664
214,Others,2023-11-10,0.0005581654960695846
215,Others,2023-11-17,0.0017140898183064792
216,Others,2023-11-24,0.00037082818294190356
217,Others,2023-12-01,0.002521479267837131
218,Others,2023-12-08,0.0015453843007136039
219,Others,2023-12-15,0.0001392369813422445
220,Others,2023-12-22,0.002925764192139738
221,Others,2023-12-29,0.0
222,Others,2024-01-05,0.005397416950459424
223,Others,2024-01-12,0.0030589416974843627
224,Others,2024-01-19,0.0034645017839598736
225,Others,2024-01-26,0.002241112828438949
226,Others,2024-02-02,0.002950078541052067
227,Others,2023-07-21,0.0
228,Others,2023-07-28,0.0
229,Others,2023-08-04,0.0
230,Others,2023-08-11,0.0001377473713209973
231,Others,2023-08-18,0.0
232,Others,2023-08-25,0.0
233,Others,2023-09-01,0.00023414816896131873
234,Others,2023-09-08,0.00018714909544603867
235,Others,2023-09-15,0.0
236,Others,2023-09-22,0.0002112557039040054
237,Others,2023-09-29,0.0001847148464557839
238,Others,2023-10-06,0.0
239,Others,2023-10-13,0.00013412017167381974
240,Others,2023-10-20,0.0
241,Others,2023-10-27,0.0002655689815429558
242,Others,2023-11-03,0.000237034227742486
243,Others,2023-11-10,0.00013954137401739615
244,Others,2023-11-17,0.00034281796366129587
245,Others,2023-11-24,0.00018541409147095178
246,Others,2023-12-01,0.00018677624206200972
247,Others,2023-12-08,9.090495886550612e-05
248,Others,2023-12-15,0.000185649308456326
249,Others,2023-12-22,0.0006986899563318777
250,Others,2023-12-29,0.00043589264586836043
251,Others,2024-01-05,0.00019276489108783657
252,Others,2024-01-12,9.131169246221979e-05
253,Others,2024-01-19,0.0008790526914525052
254,Others,2024-01-26,0.0004250386398763524
255,Others,2024-02-02,0.00042143979157886676
256,Others,2023-01-06,0.013778342585780215
257,Others,2023-01-13,0.009891995558695871
258,Others,2023-01-20,0.00995874235310855
259,Others,2023-01-27,0.010998603351955308
260,Others,2023-02-03,0.012868332711674748
261,Others,2023-02-10,0.011243386243386243
262,Others,2023-02-17,0.011750578951882666
263,Others,2023-02-24,0.012050359712230216
264,Others,2023-03-03,0.007074064604108071
265,Others,2023-03-10,0.008204591079689273
266,Others,2023-03-17,0.006078506913231454
267,Others,2023-03-24,0.011690376928697297
268,Others,2023-03-31,0.009500991407799074
269,Others,2023-04-07,0.009115535107709507
270,Others,2023-04-14,0.007703755580845661
271,Others,2023-04-21,0.008305150049231559
272,Others,2023-04-28,0.009786360260387086
273,Others,2023-05-05,0.013975363941769316
274,Others,2023-05-12,0.011977584805578135
275,Others,2023-05-19,0.008006887645286268
276,Others,2023-05-26,0.010058162417457472
277,Others,2023-06-02,0.012303871768822664
278,Others,2023-06-09,0.00967160504681936
279,Others,2023-06-16,0.013948736173426325
280,Others,2023-06-23,0.009706871696299855
281,Others,2023-06-30,0.01046411979613008
282,Others,2023-07-07,0.008632743631831722
283,Others,2023-07-14,0.013394185931143963
284,Others,2023-07-21,0.011980566954388944
285,Others,2023-07-28,0.0092824654228163
286,Others,2023-08-04,0.012621967594664756
287,Others,2023-08-11,0.01092795812479912
288,Others,2023-08-18,0.011279064392363519
289,Others,2023-08-25,0.013989129466274614
290,Others,2023-09-01,0.010864475039805189
291,Others,2023-09-08,0.014223331253898939
292,Others,2023-09-15,0.005777062221801307
293,Others,2023-09-22,0.0073516984958593885
294,Others,2023-09-29,0.013484183791272223
295,Others,2023-10-06,0.010962027536613173
296,Others,2023-10-13,0.010014306151645207
297,Others,2023-10-20,0.012053106167021614
298,Others,2023-10-27,0.010534236267870579
299,Others,2023-11-03,0.007774722669953541
300,Others,2023-11-10,0.010698172008000374
301,Others,2023-11-17,0.010541652382584848
302,Others,2023-11-24,0.011742892459826949
303,Others,2023-12-01,0.008965259618976467
304,Others,2023-12-08,0.00981773555747466
305,Others,2023-12-15,0.01206720504966119
306,Others,2023-12-22,0.010218340611353712
307,Others,2023-12-29,0.015567594495298587
308,Others,2024-01-05,0.01259397288440532
309,Others,2024-01-12,0.012327078482399672
310,Others,2024-01-19,0.012306737680335073
311,Others,2024-01-26,0.01151468315301391
312,Others,2024-02-02,0.01057430749779702
313,NBRX_Brand15,2023-01-06,0.04869239515751455
314,NBRX_Brand15,2023-01-13,0.043908347632986774
315,NBRX_Brand15,2023-01-20,0.04912979560866884
316,NBRX_Brand15,2023-01-27,0.048315293296089384
317,NBRX_Brand15,2023-02-03,0.04998135024244685
318,NBRX_Brand15,2023-02-10,0.04799107142857143
319,NBRX_Brand15,2023-02-17,0.05034737112959945
320,NBRX_Brand15,2023-02-24,0.04941546762589928
321,NBRX_Brand15,2023-03-03,0.05024290462797239
322,NBRX_Brand15,2023-03-10,0.04460155363533211
323,NBRX_Brand15,2023-03-17,0.04584564016951329
324,NBRX_Brand15,2023-03-24,0.04822280483087635
325,NBRX_Brand15,2023-03-31,0.04556345009914078
326,NBRX_Brand15,2023-04-07,0.04673861633056714
327,NBRX_Brand15,2023-04-14,0.049855554582859146
328,NBRX_Brand15,2023-04-21,0.044993364441970975
329,NBRX_Brand15,2023-04-28,0.046616278561754564
330,NBRX_Brand15,2023-05-05,0.047301231802911535
331,NBRX_Brand15,2023-05-12,0.046541472387389315
332,NBRX_Brand15,2023-05-19,0.05299182092122256
333,NBRX_Brand15,2023-05-26,0.04451830148248568
334,NBRX_Brand15,2023-06-02,0.046788576588779766
335,NBRX_Brand15,2023-06-09,0.046115971336879585
336,NBRX_Brand15,2023-06-16,0.047354626626982366
337,NBRX_Brand15,2023-06-23,0.048294089380105716
338,NBRX_Brand15,2023-06-30,0.046908123224031394
339,NBRX_Brand15,2023-07-07,0.043406894036111615
340,NBRX_Brand15,2023-07-14,0.047326123623375335
341,NBRX_Brand15,2023-07-21,0.04929012782415923
342,NBRX_Brand15,2023-07-28,0.048175995544416594
343,NBRX_Brand15,2023-08-04,0.04905559036791693
344,NBRX_Brand15,2023-08-11,0.05000229578952202
345,NBRX_Brand15,2023-08-18,0.04345213331484307
346,NBRX_Brand15,2023-08-25,0.048605542190145234
347,NBRX_Brand15,2023-09-01,0.050248197059099005
348,NBRX_Brand15,2023-09-08,0.05165315034310668
349,NBRX_Brand15,2023-09-15,0.05185150108911829
350,NBRX_Brand15,2023-09-22,0.050109852966030086
351,NBRX_Brand15,2023-09-29,0.04839528977141538
352,NBRX_Brand15,2023-10-06,0.046961325966850834
353,NBRX_Brand15,2023-10-13,0.0491326895565093
354,NBRX_Brand15,2023-10-20,0.04929992296887036
355,NBRX_Brand15,2023-10-27,0.05032532200239012
356,NBRX_Brand15,2023-11-03,0.0492083056793401
357,NBRX_Brand15,2023-11-10,0.04990929810688869
358,NBRX_Brand15,2023-11-17,0.048765855330819334
359,NBRX_Brand15,2023-11-24,0.055871446229913475
360,NBRX_Brand15,2023-12-01,0.053137840866641764
361,NBRX_Brand15,2023-12-08,0.05467933275760193
362,NBRX_Brand15,2023-12-15,0.055926854172468204
363,NBRX_Brand15,2023-12-22,0.05131004366812228
364,NBRX_Brand15,2023-12-29,0.05878323681424746
365,NBRX_Brand15,2024-01-05,0.07055195013814818
366,NBRX_Brand15,2024-01-12,0.06903163950143816
367,NBRX_Brand15,2024-01-19,0.06541186204043642
368,NBRX_Brand15,2024-01-26,0.06363987635239567
369,NBRX_Brand15,2024-02-02,0.06133864602888779
370,Others,2023-01-06,0.0003344257909169955
371,Others,2023-01-13,0.00746946603411729
372,Others,2023-01-20,0.0036041162801726183
373,Others,2023-01-27,0.01405377094972067
374,Others,2023-02-03,0.005268556508765386
375,Others,2023-02-10,0.004050925925925926
376,Others,2023-02-17,0.00012865597392572263
377,Others,2023-02-24,0.0057553956834532375
378,Others,2023-03-03,0.0035370323020540357
379,Others,2023-03-10,0.002312996421401763
380,Others,2023-03-17,0.006078506913231454
381,Others,2023-03-24,0.001461297116087162
382,Others,2023-03-31,0.006072372769332452
383,Others,2023-04-07,0.016167175474050822
384,Others,2023-04-14,0.0014006828328810294
385,Others,2023-04-21,0.01361359647245173
386,Others,2023-04-28,0.017475643322119795
387,Others,2023-05-05,0.014826427771556551
388,Others,2023-05-12,0.006416563288702571
389,Others,2023-05-19,0.014765389582436504
390,Others,2023-05-26,0.013337997988367519
391,Others,2023-06-02,0.007111412123264477
392,Others,2023-06-09,0.005231459093506836
393,Others,2023-06-16,0.001688063613344587
394,Others,2023-06-23,0.0023065833733781835
395,Others,2023-06-30,0.003969148888187272
396,Others,2023-07-07,0.008389567754878716
397,Others,2023-07-14,0.0017858914574858616
398,Others,2023-07-21,0.001603697938776473
399,Others,2023-07-28,0.001763668430335097
400,Others,2023-08-04,0.005281532539611495
401,Others,2023-08-11,0.004132421139629919
402,Others,2023-08-18,0.0
403,Others,2023-08-25,0.004677893611333868
404,Others,2023-09-01,0.002950266928912616
405,Others,2023-09-08,0.002495321272613849
406,Others,2023-09-15,0.003693531584430344
407,Others,2023-09-22,0.0014365387865472369
408,Others,2023-09-29,0.006742091895636112
409,Others,2023-10-06,0.003244760150837499
410,Others,2023-10-13,0.00178826895565093
411,Others,2023-10-20,0.0025828084643617745
412,Others,2023-10-27,0.007391669986278936
413,Others,2023-11-03,0.0034132928794917985
414,Others,2023-11-10,0.001767524070887018
415,Others,2023-11-17,0.004928008227631128
416,Others,2023-11-24,0.0029666254635352285
417,Others,2023-12-01,9.338812103100486e-05
418,Others,2023-12-08,0.005863369846825144
419,Others,2023-12-15,0.0
420,Others,2023-12-22,0.00026200873362445414
421,Others,2023-12-29,0.018307491126471138
422,Others,2024-01-05,0.007710595643513462
423,Others,2024-01-12,0.00438296123818655
424,Others,2024-01-19,0.0
425,Others,2024-01-26,0.002704791344667697
426,Others,2024-02-02,0.003678019999233746
427,Others,2023-01-06,0.00822687445655809
428,Others,2023-01-13,0.006258201271828001
429,Others,2023-01-20,0.007872148717219139
430,Others,2023-01-27,0.008379888268156424
431,Others,2023-02-03,0.015712420738530398
432,Others,2023-02-10,0.005993716931216931
433,Others,2023-02-17,0.006389913371644224
434,Others,2023-02-24,0.005170863309352518
435,Others,2023-03-03,0.004346714395295321
436,Others,2023-03-10,0.0019202234441825959
437,Others,2023-03-17,0.0014982235349514147
438,Others,2023-03-24,0.0035672841363304252
439,Others,2023-03-31,0.005328816920026438
440,Others,2023-04-07,0.0016339166702498173
441,Others,2023-04-14,0.005952902039744376
442,Others,2023-04-21,0.001455541761205531
443,Others,2023-04-28,0.005067936563414741
444,Others,2023-05-05,0.0051511758118701016
445,Others,2023-05-12,0.0022244086067502245
446,Others,2023-05-19,0.007145931984502798
447,Others,2023-05-26,0.002186557047273363
448,Others,2023-06-02,0.0033863867253640365
449,Others,2023-06-09,0.006858047215017366
450,Others,2023-06-16,0.0046199635733641334
451,Others,2023-06-23,0.006535319557904854
452,Others,2023-06-30,0.0013531189391547517
453,Others,2023-07-07,0.004498753723630616
454,Others,2023-07-14,0.0017858914574858616
455,Others,2023-07-21,0.005188434507806236
456,Others,2023-07-28,0.0017172561032210154
457,Others,2023-08-04,0.0020589025154417687
458,Others,2023-08-11,0.002617200055098948
459,Others,2023-08-18,0.0029122174455692693
460,Others,2023-08-25,0.003564109418159137
461,Others,2023-09-01,0.0030907558302894073
462,Others,2023-09-08,0.0013100436681222707
463,Others,2023-09-15,0.0016100009470593807
464,Others,2023-09-22,0.0037603515294912957
465,Others,2023-09-29,0.0007388593858231356
466,Others,2023-10-06,0.0035078488117162147
467,Others,2023-10-13,0.002145922746781116
468,Others,2023-10-20,0.007703112963885994
469,Others,2023-10-27,0.0019917673615721682
470,Others,2023-11-03,0.0038399544894282735
471,Others,2023-11-10,0.0028838550630261874
472,Others,2023-11-17,0.0016283853273911552
473,Others,2023-11-24,0.0022249690976514215
474,Others,2023-12-01,0.0013074336944340682
475,Others,2023-12-08,0.0020908140539066407
476,Others,2023-12-15,0.0001392369813422445
477,Others,2023-12-22,0.0023580786026200875
478,Others,2023-12-29,0.0013699483155862758
479,Others,2024-01-05,0.002698708475229712
480,Others,2024-01-12,0.002967630005022143
481,Others,2024-01-19,0.005015771239464295
482,Others,2024-01-26,0.002472952086553323
483,Others,2024-02-02,0.0018773227079422244
484,Others,2023-02-10,0.0
485,Others,2023-02-17,0.00017154129856763016
486,Others,2023-02-24,0.0
487,Others,2023-03-03,8.522969402539845e-05
488,Others,2023-03-10,0.0003054900933926857
489,Others,2023-03-17,0.0005564830272676684
490,Others,2023-03-24,0.0008166072119310613
491,Others,2023-03-31,0.0003304692663582286
492,Others,2023-04-07,0.0006879649137893967
493,Others,2023-04-14,0.0004377133852753217
494,Others,2023-04-21,0.0008562010360032537
495,Others,2023-04-28,8.737821661059898e-05
496,Others,2023-05-05,0.0004927211646136618
497,Others,2023-05-12,0.0005561021516875561
498,Others,2023-05-19,0.0010331467929401636
499,Others,2023-05-26,0.0006122359732365417
500,Others,2023-06-02,0.0008465966813410091
501,Others,2023-06-09,0.0010111223458038423
502,Others,2023-06-16,0.0006219181733374794
503,Others,2023-06-23,0.00177799135031235
504,Others,2023-06-30,0.0011727030806007847
505,Others,2023-07-07,0.0021885828925770562
506,Others,2023-07-14,0.002281972417898601
507,Others,2023-07-21,0.0016508655252110748
508,Others,2023-07-28,0.002320616355704075
509,Others,2023-08-04,0.0018798675140990061
510,Others,2023-08-11,0.0013315579227696406
511,Others,2023-08-18,0.0030508944667868533
512,Others,2023-08-25,0.002494876592711396
513,Others,2023-09-01,0.0034653929006275173
514,Others,2023-09-08,0.00380536494073612
515,Others,2023-09-15,0.002651766265744862
516,Others,2023-09-22,0.0023660638837248605
517,Others,2023-09-29,0.002770722696836758
518,Others,2023-10-06,0.003814785582741384
519,Others,2023-10-13,0.0015647353361945638
520,Others,2023-10-20,0.0018578095971725046
521,Others,2023-10-27,0.0022130748461912982
522,Others,2023-11-03,0.0019910875130368824
523,Others,2023-11-10,0.0006511930787478487
524,Others,2023-11-17,0.0008998971546109016
525,Others,2023-11-24,0.0017305315203955502
526,Others,2023-12-01,0.0014475158759805753
527,Others,2023-12-08,0.0019090041361756285
528,Others,2023-12-15,0.0013459574863083634
529,Others,2023-12-22,0.0031441048034934497
530,Others,2023-12-29,0.001245407559623887
531,Others,2024-01-05,0.0012850992739189102
532,Others,2024-01-12,0.0015522987718577363
533,Others,2024-01-19,0.0011893065825533894
534,Others,2024-01-26,0.0003863987635239567
535,Others,2024-02-02,0.0010727558331098425
536,Others,2023-01-06,0.005417697812855327
537,Others,2023-01-13,0.004138487937821742
538,Others,2023-01-20,0.0036041162801726183
539,Others,2023-01-27,0.004102653631284916
540,Others,2023-02-03,0.0032637075718015664
541,Others,2023-02-10,0.0038029100529100527
542,Others,2023-02-17,0.0030019727249335276
543,Others,2023-02-24,0.003956834532374101
544,Others,2023-03-03,0.0034091877610159375
545,Others,2023-03-10,0.0029239766081871343
546,Others,2023-03-17,0.0030820598433286247
547,Others,2023-03-24,0.0031374908668930245
548,Others,2023-03-31,0.0036764705882352936
549,Others,2023-04-07,0.003740809218729845
550,Others,2023-04-14,0.0024511949575418018
551,Others,2023-04-21,0.0033391840404126895
552,Others,2023-04-28,0.002140766306959675
553,Others,2023-05-05,0.0027771556550951846
554,Others,2023-05-12,0.0023099627839329256
555,Others,2023-05-19,0.002410675850193715
556,Others,2023-05-26,0.0031486421480736433
557,Others,2023-06-02,0.0048538209730217855
558,Others,2023-06-09,0.0038686420187277444
559,Others,2023-06-16,0.0035982408600239877
560,Others,2023-06-23,0.0033157135992311387
561,Others,2023-06-30,0.001984574444093636
562,Others,2023-07-07,0.0018846130463857985
563,Others,2023-07-14,0.002480404802063697
564,Others,2023-07-21,0.003160228291118344
565,Others,2023-07-28,0.003805810823354683
566,Others,2023-08-04,0.0037597350281980122
567,Others,2023-08-11,0.0024794526837779514
568,Others,2023-08-18,0.002218832339481348
569,Others,2023-08-25,0.004143277198609997
570,Others,2023-09-01,0.002716118759951297
571,Others,2023-09-08,0.0025577043044291954
572,Others,2023-09-15,0.0034567667392745526
573,Others,2023-09-22,0.00312658441777928
574,Others,2023-09-29,0.003925190487185408
575,Others,2023-10-06,0.0035955450320091205
576,Others,2023-10-13,0.002011802575107296
577,Others,2023-10-20,0.0028546830395577505
578,Others,2023-10-27,0.002655689815429558
579,Others,2023-11-03,0.0020384943585853798
580,Others,2023-11-10,0.003069910228382716
581,Others,2023-11-17,0.002828248200205691
582,Others,2023-11-24,0.0027812113720642765
583,Others,2023-12-01,0.002754949570414643
584,Others,2023-12-08,0.002499886368801418
585,Others,2023-12-15,0.0008818342151675485
586,Others,2023-12-22,0.0022707423580786024
587,Others,2023-12-29,0.0028021670091537454
588,Others,2024-01-05,0.0037267878943648396
589,Others,2024-01-12,0.003378532621102132
590,Others,2024-01-19,0.0036713377113604634
591,Others,2024-01-26,0.002241112828438949
592,Others,2024-02-02,0.003907896249185855
593,NBRX_Brand2,2023-01-06,0.09283659955855797
594,NBRX_Brand2,2023-01-13,0.1017462400323004
595,NBRX_Brand2,2023-01-20,0.0887276521079338
596,NBRX_Brand2,2023-01-27,0.09012744413407821
597,NBRX_Brand2,2023-02-03,0.08961208504289445
598,NBRX_Brand2,2023-02-10,0.09242724867724866
599,NBRX_Brand2,2023-02-17,0.08551333733596361
600,NBRX_Brand2,2023-02-24,0.08970323741007194
601,NBRX_Brand2,2023-03-03,0.08940594903264296
602,NBRX_Brand2,2023-03-10,0.09033778476040849
603,NBRX_Brand2,2023-03-17,0.08569838619922092
604,NBRX_Brand2,2023-03-24,0.08707611638801736
605,NBRX_Brand2,2023-03-31,0.08100627891606081
606,NBRX_Brand2,2023-04-07,0.07993292342090554
607,NBRX_Brand2,2023-04-14,0.0828591438326184
608,NBRX_Brand2,2023-04-21,0.08399332163191918
609,NBRX_Brand2,2023-04-28,0.07658700685919001
610,NBRX_Brand2,2023-05-05,0.08667413213885779
611,NBRX_Brand2,2023-05-12,0.08131924541215724
612,NBRX_Brand2,2023-05-19,0.08381403357727077
613,NBRX_Brand2,2023-05-26,0.0900424192067171
614,NBRX_Brand2,2023-06-02,0.08449034879783271
615,NBRX_Brand2,2023-06-09,0.08467050600079132
616,NBRX_Brand2,2023-06-16,0.07911687619386078
617,NBRX_Brand2,2023-06-23,0.09014896684286403
618,NBRX_Brand2,2023-06-30,0.08935095394885212
619,NBRX_Brand2,2023-07-07,0.0829837680102134
620,NBRX_Brand2,2023-07-14,0.08855045143367396
621,NBRX_Brand2,2023-07-21,0.08513749351445686
622,NBRX_Brand2,2023-07-28,0.090550450199573
623,NBRX_Brand2,2023-08-04,0.08244561811834213
624,NBRX_Brand2,2023-08-11,0.08145461224114973
625,NBRX_Brand2,2023-08-18,0.08459298294272638
626,NBRX_Brand2,2023-08-25,0.08954824913124833
627,NBRX_Brand2,2023-09-01,0.09253535637351316
628,NBRX_Brand2,2023-09-08,0.09270118527760449
629,NBRX_Brand2,2023-09-15,0.08485652050383559
630,NBRX_Brand2,2023-09-22,0.08365725874598615
631,NBRX_Brand2,2023-09-29,0.08861694758716233
632,NBRX_Brand2,2023-10-06,0.08624923265807244
633,NBRX_Brand2,2023-10-13,0.08243919885550786
634,NBRX_Brand2,2023-10-20,0.08138112284199556
635,NBRX_Brand2,2023-10-27,0.08152967733368742
636,NBRX_Brand2,2023-11-03,0.08481084668626152
637,NBRX_Brand2,2023-11-10,0.0833062002883855
638,NBRX_Brand2,2023-11-17,0.0847617415152554
639,NBRX_Brand2,2023-11-24,0.08751545117428923
640,NBRX_Brand2,2023-12-01,0.0847030257751214
641,NBRX_Brand2,2023-12-08,0.08067815099313667
642,NBRX_Brand2,2023-12-15,0.0872551749744732
643,NBRX_Brand2,2023-12-22,0.0811353711790393
644,NBRX_Brand2,2023-12-29,0.08007970608381593
645,NBRX_Brand2,2024-01-05,0.08455953222386431
646,NBRX_Brand2,2024-01-12,0.08236314660092227
647,NBRX_Brand2,2024-01-19,0.07709809193856973
648,NBRX_Brand2,2024-01-26,0.08651468315301392
649,NBRX_Brand2,2024-02-02,0.08777441477338034
650,Others,2023-07-14,0.0
651,Others,2023-07-21,0.0
652,Others,2023-07-28,9.2824654228163e-05
653,Others,2023-08-04,4.475875033569063e-05
654,Others,2023-08-11,4.5915790440332433e-05
655,Others,2023-08-18,0.000554708084870337
656,Others,2023-08-25,8.910273545397845e-05
657,Others,2023-09-01,0.00014048890137679124
658,Others,2023-09-08,0.00037429819089207733
659,Others,2023-09-15,0.0006155885974050573
660,Others,2023-09-22,0.0006760182524928173
661,Others,2023-09-29,0.0024936504271530825
662,Others,2023-10-06,0.002104709287029729
663,Others,2023-10-13,0.000894134477825465
664,Others,2023-10-20,0.0022656214599664688
665,Others,2023-10-27,0.0036294427477537292
666,Others,2023-11-03,0.002986631269555324
667,Others,2023-11-10,0.004883948090608866
668,Others,2023-11-17,0.003985258827562565
669,Others,2023-11-24,0.0027812113720642765
670,Others,2023-12-01,0.0026615614493836386
671,Others,2023-12-08,0.002272623971637653
672,Others,2023-12-15,0.0019029054116773414
673,Others,2023-12-22,0.0015283842794759825
674,Others,2023-12-29,0.0013076779376050812
675,Others,2024-01-05,0.0017991389834864744
676,Others,2024-01-12,0.0026480390814043737
677,Others,2024-01-19,0.0018615233466053051
678,Others,2024-01-26,0.0019706336939721795
679,Others,2024-02-02,0.001685759166315467
680,Others,2023-01-06,0.005083272021938332
681,Others,2023-01-13,0.003734733017058645
682,Others,2023-01-20,0.005406174420258927
683,Others,2023-01-27,0.006895949720670392
684,Others,2023-02-03,0.007273405445729205
685,Others,2023-02-10,0.004629629629629629
686,Others,2023-02-17,0.007547817136975726
687,Others,2023-02-24,0.004856115107913669
688,Others,2023-03-03,0.005539930111650899
689,Others,2023-03-10,0.006633499170812604
690,Others,2023-03-17,0.0041094131244381665
691,Others,2023-03-24,0.006017105772123607
692,Others,2023-03-31,0.006196298744216787
693,Others,2023-04-07,0.004471771939631079
694,Others,2023-04-14,0.009629694476057079
695,Others,2023-04-21,0.0033391840404126895
696,Others,2023-04-28,0.003757263314255756
697,Others,2023-05-05,0.001612541993281075
698,Others,2023-05-12,0.004705479745048552
699,Others,2023-05-19,0.005596211795092553
700,Others,2023-05-26,0.003585953557528316
701,Others,2023-06-02,0.006885653008240208
702,Others,2023-06-09,0.005187497252384929
703,Others,2023-06-16,0.006485718093376571
704,Others,2023-06-23,0.0019221528111484864
705,Others,2023-06-30,0.0047810202516801225
706,Others,2023-07-07,0.007538452185543194
707,Others,2023-07-14,0.002281972417898601
708,Others,2023-07-21,0.003584736569029763
709,Others,2023-07-28,0.004084284786039172
710,Others,2023-08-04,0.006445260048339449
711,Others,2023-08-11,0.004040589558749254
712,Others,2023-08-18,0.0064715943234872645
713,Others,2023-08-25,0.00400962309542903
714,Others,2023-09-01,0.0016858668165214948
715,Others,2023-09-08,0.006487835308796009
716,Others,2023-09-15,0.0019888246993086467
717,Others,2023-09-22,0.008703735000845023
718,Others,2023-09-29,0.005541445393673516
719,Others,2023-10-06,0.010698938875734455
720,Others,2023-10-13,0.0038447782546494995
721,Others,2023-10-20,0.001812497167973175
722,Others,2023-10-27,0.0032753507723631216
723,Others,2023-11-03,0.001422205366454916
724,Others,2023-11-10,0.008000372110330714
725,Others,2023-11-17,0.004028111073020226
726,Others,2023-11-24,0.005067985166872682
727,Others,2023-12-01,0.001961150541651102
728,Others,2023-12-08,0.007908731421299033
729,Others,2023-12-15,0.006219251833286921
730,Others,2023-12-22,0.00445414847161572
731,Others,2023-12-29,0.0014944890715486642
732,Others,2024-01-05,0.010023774336567502
733,Others,2024-01-12,0.005570013240195407
734,Others,2024-01-19,0.00413671854801179
735,Others,2024-01-26,0.007032457496136012
736,Others,2024-02-02,0.0031416420826788248
737,NBRX_Brand22,2023-01-06,0.08654939468931844
738,NBRX_Brand22,2023-01-13,0.07661249621479761
739,NBRX_Brand22,2023-01-20,0.07796272585004979
740,NBRX_Brand22,2023-01-27,0.0691340782122905
741,NBRX_Brand22,2023-02-03,0.06350242446848191
742,NBRX_Brand22,2023-02-10,0.07299933862433862
743,NBRX_Brand22,2023-02-17,0.0814821168196243
744,NBRX_Brand22,2023-02-24,0.08120503597122303
745,NBRX_Brand22,2023-03-03,0.08309895167476349
746,NBRX_Brand22,2023-03-10,0.08929039015449071
747,NBRX_Brand22,2023-03-17,0.09057831428449123
748,NBRX_Brand22,2023-03-24,0.08570077792581769
749,NBRX_Brand22,2023-03-31,0.07873430270984798
750,NBRX_Brand22,2023-04-07,0.08522165369566154
751,NBRX_Brand22,2023-04-14,0.08412851264991683
752,NBRX_Brand22,2023-04-21,0.0813390984203091
753,NBRX_Brand22,2023-04-28,0.08300930578006901
754,NBRX_Brand22,2023-05-05,0.07982082866741322
755,NBRX_Brand22,2023-05-12,0.09256961971168243
756,NBRX_Brand22,2023-05-19,0.0810159276797245
757,NBRX_Brand22,2023-05-26,0.08177723356802379
758,NBRX_Brand22,2023-06-02,0.07529066486059374
759,NBRX_Brand22,2023-06-09,0.09372664527190398
760,NBRX_Brand22,2023-06-16,0.08120474434720804
761,NBRX_Brand22,2023-06-23,0.08947621335896203
762,NBRX_Brand22,2023-06-30,0.10779847548599522
763,NBRX_Brand22,2023-07-07,0.15040427989543437
764,NBRX_Brand22,2023-07-14,0.0885008433376327
765,NBRX_Brand22,2023-07-21,0.11480590538182162
766,NBRX_Brand22,2023-07-28,0.0810359231411863
767,NBRX_Brand22,2023-08-04,0.08343031062572732
768,NBRX_Brand22,2023-08-11,0.08081179117498508
769,NBRX_Brand22,2023-08-18,0.08348356677298571
770,NBRX_Brand22,2023-08-25,0.07858861267040898
771,NBRX_Brand22,2023-09-01,0.09094314882457619
772,NBRX_Brand22,2023-09-08,0.08296943231441048
773,NBRX_Brand22,2023-09-15,0.08902358177857751
774,NBRX_Brand22,2023-09-22,0.12573939496366401
775,NBRX_Brand22,2023-09-29,0.07822673747402448
776,NBRX_Brand22,2023-10-06,0.08032973778830133
777,NBRX_Brand22,2023-10-13,0.08610515021459228
778,NBRX_Brand22,2023-10-20,0.07775612850604921
779,NBRX_Brand22,2023-10-27,0.08152967733368742
780,NBRX_Brand22,2023-11-03,0.07348061060017066
781,NBRX_Brand22,2023-11-10,0.07395692822921997
782,NBRX_Brand22,2023-11-17,0.10010284538909837
783,NBRX_Brand22,2023-11-24,0.07799752781211372
784,NBRX_Brand22,2023-12-01,0.0864774000747105
785,NBRX_Brand22,2023-12-08,0.07826916958320077
786,NBRX_Brand22,2023-12-15,0.07973637798199201
787,NBRX_Brand22,2023-12-22,0.08131004366812226
788,NBRX_Brand22,2023-12-29,0.06476119310044212
789,NBRX_Brand22,2024-01-05,0.06785324166291846
790,NBRX_Brand22,2024-01-12,0.08382413368031777
791,NBRX_Brand22,2024-01-19,0.06939345364289777
792,NBRX_Brand22,2024-01-26,0.0669242658423493
793,NBRX_Brand22,2024-02-02,0.06459522623654267
794,Others,2023-01-06,0.0022740953782355694
795,Others,2023-01-13,0.0028262844453416773
796,Others,2023-01-20,0.0019917484706217102
797,Others,2023-01-27,0.004888268156424581
798,Others,2023-02-03,0.00484893696381947
799,Others,2023-02-10,0.0023148148148148147
800,Others,2023-02-17,0.0054035509048803495
801,Others,2023-02-24,0.0026978417266187047
802,Others,2023-03-03,0.004346714395295321
803,Others,2023-03-10,0.004189578423671118
804,Others,2023-03-17,0.0027396087496254443
805,Others,2023-03-24,0.003868139424936605
806,Others,2023-03-31,0.004048248512888301
807,Others,2023-04-07,0.002923850883604936
808,Others,2023-04-14,0.007353584872625405
809,Others,2023-04-21,0.0008562010360032537
810,Others,2023-04-28,0.0019223207654331775
811,Others,2023-05-05,8.958566629339306e-05
812,Others,2023-05-12,0.002908842024211832
813,Others,2023-05-19,0.004218682737839001
814,Others,2023-05-26,0.002099094765382429
815,Others,2023-06-02,0.004515182300485382
816,Others,2023-06-09,0.0031652525607772453
817,Others,2023-06-16,0.004531118120030208
818,Others,2023-06-23,9.610764055742433e-05
819,Others,2023-06-30,0.003247485453971404
820,Others,2023-07-07,0.006079396923825157
821,Others,2023-07-14,9.921619208254789e-05
822,Others,2023-07-21,0.0012263572472996558
823,Others,2023-07-28,0.001392369813422445
824,Others,2023-08-04,0.004386357532897681
825,Others,2023-08-11,0.0009183158088066486
826,Others,2023-08-18,0.005824434891138539
827,Others,2023-08-25,0.0022275683863494608
828,Others,2023-09-01,0.0
829,Others,2023-09-08,0.004990642545227698
830,Others,2023-09-15,9.470593806231651e-05
831,Others,2023-09-22,0.006168666553996959
832,Others,2023-09-29,0.003601939505887786
833,Others,2023-10-06,0.0081557484872402
834,Others,2023-10-13,0.001967095851216023
835,Others,2023-10-20,0.0009968734423852462
836,Others,2023-10-27,0.0021245518523436463
837,Others,2023-11-03,0.0
838,Others,2023-11-10,0.005767710126052375
839,Others,2023-11-17,0.002228316763798423
840,Others,2023-11-24,0.0023485784919653895
841,Others,2023-12-01,0.0010272693313410535
842,Others,2023-12-08,0.005999727285123404
843,Others,2023-12-15,0.003341687552213868
844,Others,2023-12-22,0.003056768558951965
845,Others,2023-12-29,0.00024908151192477737
846,Others,2024-01-05,0.009252714772216154
847,Others,2024-01-12,0.0031959092361776927
848,Others,2024-01-19,0.002792285019907958
849,Others,2024-01-26,0.004714064914992272
850,Others,2024-02-02,0.0012260066664112486
851,NBRX_Brand24,2023-01-06,0.1344391679486322
852,NBRX_Brand24,2023-01-13,0.12687998384980317
853,NBRX_Brand24,2023-01-20,0.11495234030445298
854,NBRX_Brand24,2023-01-27,0.11400139664804469
855,NBRX_Brand24,2023-02-03,0.11581499440507273
856,NBRX_Brand24,2023-02-10,0.11871693121693122
857,NBRX_Brand24,2023-02-17,0.12779826743288447
858,NBRX_Brand24,2023-02-24,0.11699640287769783
859,NBRX_Brand24,2023-03-03,0.12145231398619279
860,NBRX_Brand24,2023-03-10,0.10988915073754037
861,NBRX_Brand24,2023-03-17,0.11395060142973332
862,NBRX_Brand24,2023-03-24,0.11698972794086045
863,NBRX_Brand24,2023-03-31,0.118473231989425
864,NBRX_Brand24,2023-04-07,0.12452164939588081
865,NBRX_Brand24,2023-04-14,0.10977851702705069
866,NBRX_Brand24,2023-04-21,0.11678582131084378
867,NBRX_Brand24,2023-04-28,0.11394119446022107
868,NBRX_Brand24,2023-05-05,0.12559910414333705
869,NBRX_Brand24,2023-05-12,0.12165803995380074
870,NBRX_Brand24,2023-05-19,0.11683168316831685
871,NBRX_Brand24,2023-05-26,0.13128088511829272
872,NBRX_Brand24,2023-06-02,0.12450615193588441
873,NBRX_Brand24,2023-06-09,0.11685057370202663
874,NBRX_Brand24,2023-06-16,0.11878637110745856
875,NBRX_Brand24,2023-06-23,0.11523306102835175
876,NBRX_Brand24,2023-06-30,0.12069820937260385
877,NBRX_Brand24,2023-07-07,0.11672442093744301
878,NBRX_Brand24,2023-07-14,0.12213513245361643
879,NBRX_Brand24,2023-07-21,0.11508891090042922
880,NBRX_Brand24,2023-07-28,0.12401373804882576
881,NBRX_Brand24,2023-08-04,0.11109121833318414
882,NBRX_Brand24,2023-08-11,0.11726892878460901
883,NBRX_Brand24,2023-08-18,0.11140387371145936
884,NBRX_Brand24,2023-08-25,0.11004187828566338
885,NBRX_Brand24,2023-09-01,0.12231900346539289
886,NBRX_Brand24,2023-09-08,0.11640673736743606
887,NBRX_Brand24,2023-09-15,0.11734065725921015
888,NBRX_Brand24,2023-09-22,0.11035997971945243
889,NBRX_Brand24,2023-09-29,0.12135765412145001
890,NBRX_Brand24,2023-10-06,0.11067263000964658
891,NBRX_Brand24,2023-10-13,0.12330114449213161
892,NBRX_Brand24,2023-10-20,0.11219357469753953
893,NBRX_Brand24,2023-10-27,0.11260124817421327
894,NBRX_Brand24,2023-11-03,0.12515407224803263
895,NBRX_Brand24,2023-11-10,0.11926136099353458
896,NBRX_Brand24,2023-11-17,0.11167295166266712
897,NBRX_Brand24,2023-11-24,0.12064276885043262
898,NBRX_Brand24,2023-12-01,0.10861038475905865
899,NBRX_Brand24,2023-12-08,0.1219944547975092
900,NBRX_Brand24,2023-12-15,0.1191868560289613
901,NBRX_Brand24,2023-12-22,0.1103056768558952
902,NBRX_Brand24,2023-12-29,0.12640886730182452
903,NBRX_Brand24,2024-01-05,0.12414058986056671
904,NBRX_Brand24,2024-01-12,0.12254029128429896
905,NBRX_Brand24,2024-01-19,0.13444335281038317
906,NBRX_Brand24,2024-01-26,0.12820710973724883
907,NBRX_Brand24,2024-02-02,0.11777326539213057
908,Others,2023-07-28,0.0
909,Others,2023-08-04,0.0
910,Others,2023-08-11,0.0
911,Others,2023-08-18,0.00013867702121758425
912,Others,2023-08-25,0.0
913,Others,2023-09-01,0.000561955605507165
914,Others,2023-09-08,6.238303181534623e-05
915,Others,2023-09-15,4.735296903115826e-05
916,Others,2023-09-22,0.0004647625485888119
917,Others,2023-09-29,0.00027707226968367584
918,Others,2023-10-06,0.0003946329913180742
919,Others,2023-10-13,0.0004470672389127325
920,Others,2023-10-20,0.0006343740087906113
921,Others,2023-10-27,0.0002655689815429558
922,Others,2023-11-03,0.0002844410732909832
923,Others,2023-11-10,0.0006046792874087167
924,Others,2023-11-17,0.00034281796366129587
925,Others,2023-11-24,0.00018541409147095178
926,Others,2023-12-01,0.000980575270825551
927,Others,2023-12-08,0.0009090495886550611
928,Others,2023-12-15,0.0011603081778520374
929,Others,2023-12-22,0.0010043668122270743
930,Others,2023-12-29,0.0006849741577931379
931,Others,2024-01-05,0.0006425496369594551
932,Others,2024-01-12,0.00045655846231109894
933,Others,2024-01-19,0.0017581053829050105
934,Others,2024-01-26,0.0006955177743431221
935,Others,2024-02-02,0.0015708210413394124
936,Others,2023-10-13,8.941344778254648e-05
937,Others,2023-11-10,0.0
938,Others,2023-12-01,0.0
939,Others,2023-12-08,0.0
940,Others,2023-12-29,0.0
941,Others,2024-01-05,6.425496369594551e-05
942,Others,2024-01-12,0.0011870520020088571
943,Others,2024-01-19,0.0004653808366513263
944,Others,2024-01-26,0.0006568778979907264
945,Others,2024-02-02,0.0008428795831577335
946,Others,2023-07-21,0.0
947,Others,2023-07-28,4.64123271140815e-05
948,Others,2023-08-04,0.0
949,Others,2023-08-11,0.0
950,Others,2023-08-18,0.0
951,Others,2023-08-25,0.0
952,Others,2023-09-01,0.00014048890137679124
953,Others,2023-09-08,0.0
954,Others,2023-09-15,0.0
955,Others,2023-09-22,4.225114078080108e-05
956,Others,2023-09-29,0.0
957,Others,2023-10-06,0.00017539244058581072
958,Others,2023-10-13,0.00017882689556509296
959,Others,2023-10-20,0.000362499433594635
960,Others,2023-10-27,0.00044261496923825967
961,Others,2023-11-03,0.0
962,Others,2023-11-10,0.0
963,Others,2023-11-17,0.00012855673637298594
964,Others,2023-11-24,0.0
965,Others,2023-12-01,9.338812103100486e-05
966,Others,2023-12-08,0.00040907231489477753
967,Others,2023-12-15,9.2824654228163e-05
968,Others,2023-12-22,4.3668122270742355e-05
969,Others,2023-12-29,0.0
970,Others,2024-01-05,0.0
971,Others,2024-01-12,0.00013696753869332968
972,Others,2024-01-19,0.0
973,Others,2024-01-26,0.0004250386398763524
974,Others,2024-02-02,0.0
975,Others,2024-02-02,0.015248457913489905
976,Others,2023-01-06,0.011838672998461641
977,Others,2023-01-13,0.014837993338043807
978,Others,2023-01-20,0.015175226442832077
979,Others,2023-01-27,0.013006284916201117
980,Others,2023-02-03,0.015712420738530398
981,Others,2023-02-10,0.014384920634920634
982,Others,2023-02-17,0.017540097778540185
983,Others,2023-02-24,0.014478417266187048
984,Others,2023-03-03,0.017301627887155883
985,Others,2023-03-10,0.0182857641616479
986,Others,2023-03-17,0.01986216343478447
987,Others,2023-03-24,0.017449606739158463
988,Others,2023-03-31,0.018547587574355585
989,Others,2023-04-07,0.016339166702498173
990,Others,2023-04-14,0.019171846275059093
991,Others,2023-04-21,0.014298557301254334
992,Others,2023-04-28,0.015859146314823713
993,Others,2023-05-05,0.013975363941769316
994,Others,2023-05-12,0.011592591008255979
995,Others,2023-05-19,0.014722341799397331
996,Others,2023-05-26,0.016093059867931955
997,Others,2023-06-02,0.01597245738796704
998,Others,2023-06-09,0.012001582626280389
999,Others,2023-06-16,0.015370263426769136
1000,Others,2023-06-23,0.011773185968284479
1001,Others,2023-06-30,0.01335077353299355
1002,Others,2023-07-07,0.010699738585932275
1003,Others,2023-07-14,0.014187915467804346
1004,Others,2023-07-21,0.011980566954388944
1005,Others,2023-07-28,0.012113617376775273
1006,Others,2023-08-04,0.011279205084594039
1007,Others,2023-08-11,0.011478947610083107
1008,Others,2023-08-18,0.011648869782277077
1009,Others,2023-08-25,0.010425020048115477
1010,Others,2023-09-01,0.013299615997002903
1011,Others,2023-09-08,0.010293200249532126
1012,Others,2023-09-15,0.01055971209394829
1013,Others,2023-09-22,0.012041575122528307
1014,Others,2023-09-29,0.013715077349341954
1015,Others,2023-10-06,0.012672103832324828
1016,Others,2023-10-13,0.013233190271816882
1017,Others,2023-10-20,0.011056232724636367
1018,Others,2023-10-27,0.010268667286327623
1019,Others,2023-11-03,0.01133023608609083
1020,Others,2023-11-10,0.013302944322991768
1021,Others,2023-11-17,0.01169866300994172
1022,Others,2023-11-24,0.015018541409147095
1023,Others,2023-12-01,0.015222263728053792
1024,Others,2023-12-08,0.011499477296486524
1025,Others,2023-12-15,0.015362480274760974
1026,Others,2023-12-22,0.01589519650655022
1027,Others,2023-12-29,0.008966934429291985
1028,Others,2024-01-05,0.0114373835378783
1029,Others,2024-01-12,0.012327078482399672
1030,Others,2024-01-19,0.010290087388179327
1031,Others,2024-01-26,0.008887171561051005
1032,Others,2024-02-02,0.010727558331098423
1033,Others,2023-01-06,0.03330880877533275
1034,Others,2023-01-13,0.030382557787423034
1035,Others,2023-01-20,0.02968653672879025
1036,Others,2023-01-27,0.026449022346368714
1037,Others,2023-02-03,0.029653114509511375
1038,Others,2023-02-10,0.036623677248677246
1039,Others,2023-02-17,0.03550904880349944
1040,Others,2023-02-24,0.043165467625899276
1041,Others,2023-03-03,0.03485894485638796
1042,Others,2023-03-10,0.0389281661866108
1043,Others,2023-03-17,0.034159496596892255
1044,Others,2023-03-24,0.036790303863841495
1045,Others,2023-03-31,0.0351123595505618
1046,Others,2023-04-07,0.028636539536483638
1047,Others,2023-04-14,0.039656832705944146
1048,Others,2023-04-21,0.03596044351213665
1049,Others,2023-04-28,0.03949495390799074
1050,Others,2023-05-05,0.035207166853303475
1051,Others,2023-05-12,0.03798605466911922
1052,Others,2023-05-19,0.030391734825656477
1053,Others,2023-05-26,0.04478068832815848
1054,Others,2023-06-02,0.0453775821198781
1055,Others,2023-06-09,0.03859849650503363
1056,Others,2023-06-16,0.03980276309359868
1057,Others,2023-06-23,0.038154733301297455
1058,Others,2023-06-30,0.04411167741644491
1059,Others,2023-07-07,0.034409386588850385
1060,Others,2023-07-14,0.04385355690048616
1061,Others,2023-07-21,0.03990377812367341
1062,Others,2023-07-28,0.03935765339274111
1063,Others,2023-08-04,0.043774057828305436
1064,Others,2023-08-11,0.04821157996234906
1065,Others,2023-08-18,0.04437664678962696
1066,Others,2023-08-25,0.038848792657934596
1067,Others,2023-09-01,0.04289594455371359
1068,Others,2023-09-08,0.04766063630692452
1069,Others,2023-09-15,0.039208258357799036
1070,Others,2023-09-22,0.041997633936116274
1071,Others,2023-09-29,0.043038559224197644
1072,Others,2023-10-06,0.03981408401297904
1073,Others,2023-10-13,0.04336552217453505
1074,Others,2023-10-20,0.0347093207666863
1075,Others,2023-10-27,0.038861594299119194
1076,Others,2023-11-03,0.043614297904617426
1077,Others,2023-11-10,0.03795525373273175
1078,Others,2023-11-17,0.04208090503942406
1079,Others,2023-11-24,0.0380716934487021
1080,Others,2023-12-01,0.0345536047814718
1081,Others,2023-12-08,0.044179810008635974
1082,Others,2023-12-15,0.044370184721061905
1083,Others,2023-12-22,0.03685589519650655
1084,Others,2023-12-29,0.03487141166946883
1085,Others,2024-01-05,0.049219302191094265
1086,Others,2024-01-12,0.03917271606629229
1087,Others,2024-01-19,0.03671337711360463
1088,Others,2024-01-26,0.039335394126738796
1089,Others,2024-02-02,0.03708670165894027
1090,NBRX_Brand30,2023-01-06,0.14754865895257843
1091,NBRX_Brand30,2023-01-13,0.14141516099727466
1092,NBRX_Brand30,2023-01-20,0.1552615355432257
1093,NBRX_Brand30,2023-01-27,0.15013966480446927
1094,NBRX_Brand30,2023-02-03,0.14733308466989928
1095,NBRX_Brand30,2023-02-10,0.15112433862433863
1096,NBRX_Brand30,2023-02-17,0.1495840123509735
1097,NBRX_Brand30,2023-02-24,0.1528776978417266
1098,NBRX_Brand30,2023-03-03,0.16193641864825709
1099,NBRX_Brand30,2023-03-10,0.1652264990835297
1100,NBRX_Brand30,2023-03-17,0.16497581439150721
1101,NBRX_Brand30,2023-03-24,0.1629776077706623
1102,NBRX_Brand30,2023-03-31,0.15416391275611369
1103,NBRX_Brand30,2023-04-07,0.16640151352281035
1104,NBRX_Brand30,2023-04-14,0.1588024161778867
1105,NBRX_Brand30,2023-04-21,0.15659916948499508
1106,NBRX_Brand30,2023-04-28,0.1635720214950413
1107,NBRX_Brand30,2023-05-05,0.16886898096304592
1108,NBRX_Brand30,2023-05-12,0.16024297386319886
1109,NBRX_Brand30,2023-05-19,0.1514421007318123
1110,NBRX_Brand30,2023-05-26,0.14956050203349805
1111,NBRX_Brand30,2023-06-02,0.15701546449937917
1112,NBRX_Brand30,2023-06-09,0.15026157295467535
1113,NBRX_Brand30,2023-06-16,0.16063257962773755
1114,NBRX_Brand30,2023-06-23,0.15242671792407497
1115,NBRX_Brand30,2023-06-30,0.1508276577511163
1116,NBRX_Brand30,2023-07-07,0.14201471214055567
1117,NBRX_Brand30,2023-07-14,0.1602341502133148
1118,NBRX_Brand30,2023-07-21,0.15320032073958775
1119,NBRX_Brand30,2023-07-28,0.15548129583217302
1120,NBRX_Brand30,2023-08-04,0.13329155849968669
1121,NBRX_Brand30,2023-08-11,0.15638918223977225
1122,NBRX_Brand30,2023-08-18,0.14995608560994778
1123,NBRX_Brand30,2023-08-25,0.1441682259645371
1124,NBRX_Brand30,2023-09-01,0.15032312447316662
1125,NBRX_Brand30,2023-09-08,0.1518402994385527
1126,NBRX_Brand30,2023-09-15,0.14774126337721374
1127,NBRX_Brand30,2023-09-22,0.1326685820517154
1128,NBRX_Brand30,2023-09-29,0.1430616485800046
1129,NBRX_Brand30,2023-10-06,0.15750241164605805
1130,NBRX_Brand30,2023-10-13,0.1519134477825465
1131,NBRX_Brand30,2023-10-20,0.1517966378177534
1132,NBRX_Brand30,2023-10-27,0.14305315805780552
1133,NBRX_Brand30,2023-11-03,0.1473404759647293
1134,NBRX_Brand30,2023-11-10,0.1513558770175357
1135,NBRX_Brand30,2023-11-17,0.14818306479259513
1136,NBRX_Brand30,2023-11-24,0.142274412855377
1137,NBRX_Brand30,2023-12-01,0.15633171460590212
1138,NBRX_Brand30,2023-12-08,0.14408435980182718
1139,NBRX_Brand30,2023-12-15,0.15947275596398403
1140,NBRX_Brand30,2023-12-22,0.1531004366812227
1141,NBRX_Brand30,2023-12-29,0.1286506009091475
1142,NBRX_Brand30,2024-01-05,0.134421384051918
1143,NBRX_Brand30,2024-01-12,0.13532392822900974
1144,NBRX_Brand30,2024-01-19,0.13744247375769172
1145,NBRX_Brand30,2024-01-26,0.14474497681607418
1146,NBRX_Brand30,2024-02-02,0.138308877054519
1147,Others,2023-01-06,0.011838672998461641
1148,Others,2023-01-13,0.014837993338043807
1149,Others,2023-01-20,0.015175226442832077
1150,Others,2023-01-27,0.013006284916201117
1151,Others,2023-02-03,0.015712420738530398
1152,Others,2023-02-10,0.014384920634920634
1153,Others,2023-02-17,0.017540097778540185
1154,Others,2023-02-24,0.014478417266187048
1155,Others,2023-03-03,0.017301627887155883
1156,Others,2023-03-10,0.0182857641616479
1157,Others,2023-03-17,0.01986216343478447
1158,Others,2023-03-24,0.017449606739158463
1159,Others,2023-03-31,0.018547587574355585
1160,Others,2023-04-07,0.016339166702498173
1161,Others,2023-04-14,0.019171846275059093
1162,Others,2023-04-21,0.014298557301254334
1163,Others,2023-04-28,0.015859146314823713
1164,Others,2023-05-05,0.013975363941769316
1165,Others,2023-05-12,0.011592591008255979
1166,Others,2023-05-19,0.014722341799397331
1167,Others,2023-05-26,0.016093059867931955
1168,Others,2023-06-02,0.01597245738796704
1169,Others,2023-06-09,0.012001582626280389
1170,Others,2023-06-16,0.015370263426769136
1171,Others,2023-06-23,0.011773185968284479
1172,Others,2023-06-30,0.01335077353299355
1173,Others,2023-07-07,0.010699738585932275
1174,Others,2023-07-14,0.014187915467804346
1175,Others,2023-07-21,0.011980566954388944
1176,Others,2023-07-28,0.012113617376775273
1177,Others,2023-08-04,0.011279205084594039
1178,Others,2023-08-11,0.011478947610083107
1179,Others,2023-08-18,0.011648869782277077
1180,Others,2023-08-25,0.010425020048115477
1181,Others,2023-09-01,0.013299615997002903
1182,Others,2023-09-08,0.010293200249532126
1183,Others,2023-09-15,0.01055971209394829
1184,Others,2023-09-22,0.012041575122528307
1185,Others,2023-09-29,0.013715077349341954
1186,Others,2023-10-06,0.012672103832324828
1187,Others,2023-10-13,0.013233190271816882
1188,Others,2023-10-20,0.011056232724636367
1189,Others,2023-10-27,0.010268667286327623
1190,Others,2023-11-03,0.01133023608609083
1191,Others,2023-11-10,0.013302944322991768
1192,Others,2023-11-17,0.01169866300994172
1193,Others,2023-11-24,0.015018541409147095
1194,Others,2023-12-01,0.015222263728053792
1195,Others,2023-12-08,0.011499477296486524
1196,Others,2023-12-15,0.015362480274760974
1197,Others,2023-12-22,0.01589519650655022
1198,Others,2023-12-29,0.008966934429291985
1199,Others,2024-01-05,0.0114373835378783
1200,Others,2024-01-12,0.012327078482399672
1201,Others,2024-01-19,0.010290087388179327
1202,Others,2024-01-26,0.008887171561051005
1203,Others,2024-02-02,0.010727558331098423
1204,Others,2023-11-10,0.0
1205,Others,2023-11-17,0.0021426122728830993
1206,Others,2023-11-24,0.0
1207,Others,2023-12-08,0.010726785146129722
1208,Others,2023-12-15,0.010396361273554255
1209,Others,2023-12-22,0.014890829694323144
1210,Others,2023-12-29,0.023413662120929074
1211,Others,2024-01-05,0.0
1212,Others,2024-01-12,0.006483130164817605
1213,Others,2024-01-19,0.0
1214,Others,2024-01-26,0.0030139103554868625
1215,Others,2024-02-02,0.01340944791387303
1216,Others,2023-09-29,0.0
1217,Others,2023-10-06,0.0
1218,Others,2023-10-13,0.0
1219,Others,2023-10-20,0.0009968734423852462
1220,Others,2023-10-27,0.0009737529323241712
1221,Others,2023-11-03,0.0007585095287759552
1222,Others,2023-11-10,0.00013954137401739615
1223,Others,2023-11-17,0.0
1224,Others,2023-11-24,6.180469715698394e-05
1225,Others,2023-12-01,0.0001400821815465073
1226,Others,2023-12-08,0.00013635743829825916
1227,Others,2023-12-15,0.0
1228,Others,2023-12-22,8.733624454148471e-05
1229,Others,2023-12-29,0.00037362226788716606
1230,Others,2024-01-05,0.0004497847458716186
1231,Others,2024-01-12,0.00022827923115554947
1232,Others,2024-01-19,0.00020683592740058948
1233,Others,2024-01-26,0.00019319938176197836
1234,Others,2024-02-02,0.00015325083330140608
1235,Others,2023-08-11,0.0
1236,Others,2023-08-25,4.455136772698923e-05
1237,Others,2023-09-08,0.0
1238,Others,2023-09-15,9.470593806231651e-05
1239,Others,2023-09-22,0.0
1240,Others,2023-09-29,0.00013853613484183792
1241,Others,2023-10-06,0.00013154433043935807
1242,Others,2023-10-13,0.00022353361945636624
1243,Others,2023-10-20,0.000362499433594635
1244,Others,2023-10-27,0.00039835347231443366
1245,Others,2023-11-03,0.0003792547643879776
1246,Others,2023-11-10,4.651379133913205e-05
1247,Others,2023-11-17,0.00017140898183064793
1248,Others,2023-11-24,0.00012360939431396787
1249,Others,2023-12-01,0.0
1250,Others,2023-12-08,0.0
1251,Others,2023-12-15,0.0
1252,Others,2023-12-22,0.0
1253,Others,2023-12-29,0.00012454075596238869
1254,Others,2024-01-05,0.0
1255,Others,2024-01-12,4.5655846231109894e-05
1256,Others,2024-01-19,5.170898185014737e-05
1257,Others,2024-01-26,0.0
1258,Others,2024-02-02,0.00019156354162675759
1259,Others,2023-01-06,0.002675406327335964
1260,Others,2023-01-13,0.00434036539820329
1261,Others,2023-01-20,0.005406174420258927
1262,Others,2023-01-27,0.006197625698324023
1263,Others,2023-02-03,0.005315180902648265
1264,Others,2023-02-10,0.0023974867724867724
1265,Others,2023-02-17,0.005489321554164165
1266,Others,2023-02-24,0.005485611510791367
1267,Others,2023-03-03,0.004091025313219126
1268,Others,2023-03-10,0.0038404468883651917
1269,Others,2023-03-17,0.005736055819528274
1270,Others,2023-03-24,0.005501353848798728
1271,Others,2023-03-31,0.007435558493060146
1272,Others,2023-04-07,0.0055037193103151735
1273,Others,2023-04-14,0.00463976188391841
1274,Others,2023-04-21,0.0017980221756068323
1275,Others,2023-04-28,0.008475687011228101
1276,Others,2023-05-05,0.006270996640537514
1277,Others,2023-05-12,0.0059887924027890675
1278,Others,2023-05-19,0.0039603960396039604
1279,Others,2023-05-26,0.006734595705601959
1280,Others,2023-06-02,0.003950784512924709
1281,Others,2023-06-09,0.005978810392579241
1282,Others,2023-06-16,0.001954599973346364
1283,Others,2023-06-23,0.0038443056222969728
1284,Others,2023-06-30,0.005141851968788056
1285,Others,2023-07-07,0.00425557784667761
1286,Others,2023-07-14,0.002678837186228793
1287,Others,2023-07-21,0.0016980331116456771
1288,Others,2023-07-28,0.001763668430335097
1289,Others,2023-08-04,0.0033121475248411064
1290,Others,2023-08-11,0.00642821066164654
1291,Others,2023-08-18,0.006656497018444044
1292,Others,2023-08-25,0.004187828566336986
1293,Others,2023-09-01,0.005432237519902594
1294,Others,2023-09-08,0.0029943855271366187
1295,Others,2023-09-15,0.003598825646368027
1296,Others,2023-09-22,0.0032955889809024846
1297,Others,2023-09-29,0.004617871161394597
1298,Others,2023-10-06,0.003946329913180742
1299,Others,2023-10-13,0.003665951359084407
1300,Others,2023-10-20,0.00434999320313562
1301,Others,2023-10-27,0.008675253397069888
1302,Others,2023-11-03,0.004266616099364748
1303,Others,2023-11-10,0.005488627378017582
1304,Others,2023-11-17,0.00797051765512513
1305,Others,2023-11-24,0.0022249690976514215
1306,Others,2023-12-01,0.005790063503922301
1307,Others,2023-12-08,0.003818008272351257
1308,Others,2023-12-15,0.002877564281073053
1309,Others,2023-12-22,0.000611353711790393
1310,Others,2023-12-29,0.0006227037798119435
1311,Others,2024-01-05,0.0007710595643513463
1312,Others,2024-01-12,0.00429164954572433
1313,Others,2024-01-19,0.0029991209473085477
1314,Others,2024-01-26,0.0006955177743431221
1315,Others,2024-02-02,0.0025286387494732002
1316,Others,2023-01-06,0.008427529931108287
1317,Others,2023-01-13,0.006258201271828001
1318,Others,2023-01-20,0.004268032437046522
1319,Others,2023-01-27,0.006808659217877095
1320,Others,2023-02-03,0.005408429690414025
1321,Others,2023-02-10,0.005704365079365079
1322,Others,2023-02-17,0.007033193241272837
1323,Others,2023-02-24,0.0053956834532374095
1324,Others,2023-03-03,0.005625159805676298
1325,Others,2023-03-10,0.006284367635506678
1326,Others,2023-03-17,0.006592183553786225
1327,Others,2023-03-24,0.006017105772123607
1328,Others,2023-03-31,0.006526768010575016
1329,Others,2023-04-07,0.00765360966590704
1330,Others,2023-04-14,0.0065657007791298265
1331,Others,2023-04-21,0.006935228391626354
1332,Others,2023-04-28,0.007339770195290314
1333,Others,2023-05-05,0.006808510638297872
1334,Others,2023-05-12,0.006416563288702571
1335,Others,2023-05-19,0.005940594059405941
1336,Others,2023-05-26,0.00830891677963878
1337,Others,2023-06-02,0.007111412123264477
1338,Others,2023-06-09,0.007473512990724051
1339,Others,2023-06-16,0.009595308960063968
1340,Others,2023-06-23,0.0076886112445939455
1341,Others,2023-06-30,0.008208921564205494
1342,Others,2023-07-07,0.005714633108395647
1343,Others,2023-07-14,0.00883024109534676
1344,Others,2023-07-21,0.006697797273713504
1345,Others,2023-07-28,0.009189640768588136
1346,Others,2023-08-04,0.009578372571837794
1347,Others,2023-08-11,0.01873364249965563
1348,Others,2023-08-18,0.017011047936023666
1349,Others,2023-08-25,0.021295553773500845
1350,Others,2023-09-01,0.012924978926664794
1351,Others,2023-09-08,0.015096693699313789
1352,Others,2023-09-15,0.014395302585472109
1353,Others,2023-09-22,0.013520365049856346
1354,Others,2023-09-29,0.016439621334564766
1355,Others,2023-10-06,0.013856002806279051
1356,Others,2023-10-13,0.012339055793991416
1357,Others,2023-10-20,0.01250623045901491
1358,Others,2023-10-27,0.009914575310937016
1359,Others,2023-11-03,0.01080876078505736
1360,Others,2023-11-10,0.010605144425322108
1361,Others,2023-11-17,0.011741515255399383
1362,Others,2023-11-24,0.014091470951792336
1363,Others,2023-12-01,0.01036608143444154
1364,Others,2023-12-08,0.010272260351802192
1365,Others,2023-12-15,0.010489185927782418
1366,Others,2023-12-22,0.010917030567685589
1367,Others,2023-12-29,0.008717852917367208
1368,Others,2024-01-05,0.009766754481783718
1369,Others,2024-01-12,0.00885723416883532
1370,Others,2024-01-19,0.009721288587827706
1371,Others,2024-01-26,0.00927357032457496
1372,Others,2024-02-02,0.007739167081721007
1373,Others,2023-01-06,0.0004013109491003946
1374,Others,2023-01-13,0.0007065711113354193
1375,Others,2023-01-20,0.0005690709916062028
1376,Others,2023-01-27,0.001047486033519553
1377,Others,2023-02-03,0.0008392390898918315
1378,Others,2023-02-10,0.00033068783068783067
1379,Others,2023-02-17,0.0006003945449867056
1380,Others,2023-02-24,0.0006294964028776978
1381,Others,2023-03-03,0.0004261484701269922
1382,Others,2023-03-10,0.001658374792703151
1383,Others,2023-03-17,8.561277342579514e-05
1384,Others,2023-03-24,0.000687669231099841
1385,Others,2023-03-31,0.0005783212161269003
1386,Others,2023-04-07,0.0006019692995657221
1387,Others,2023-04-14,0.00035017070822025736
1388,Others,2023-04-21,0.0003424804144013014
1389,Others,2023-04-28,0.00017475643322119796
1390,Others,2023-05-05,0.0
1391,Others,2023-05-12,0.0007699875946443086
1392,Others,2023-05-19,0.00017219113215669393
1393,Others,2023-05-26,0.0006996982551274762
1394,Others,2023-06-02,0.0002257591150242691
1395,Others,2023-06-09,8.792368224381235e-05
1396,Others,2023-06-16,0.00017769090666785127
1397,Others,2023-06-23,0.0008649687650168188
1398,Others,2023-06-30,0.0002706237878309503
1399,Others,2023-07-07,0.00048635175390601253
1400,Others,2023-07-14,0.0004960809604127393
1401,Others,2023-07-21,0.0007546813829536343
1402,Others,2023-07-28,0.000556947925368978
1403,Others,2023-08-04,0.000358070002685525
1404,Others,2023-08-11,0.0
1405,Others,2023-08-18,0.0002773540424351685
1406,Others,2023-08-25,0.0004455136772698921
1407,Others,2023-09-01,0.00037463707033810994
1408,Others,2023-09-08,0.0014971927635683093
1409,Others,2023-09-15,0.0004735296903115825
1410,Others,2023-09-22,0.0005915159709312151
1411,Others,2023-09-29,0.0011082890787347034
1412,Others,2023-10-06,0.00043848110146452684
1413,Others,2023-10-13,0.0008047210300429185
1414,Others,2023-10-20,0.00027187457519597626
1415,Others,2023-10-27,0.0006196609569335635
1416,Others,2023-11-03,0.0002844410732909832
1417,Others,2023-11-10,0.0001860551653565282
1418,Others,2023-11-17,0.0002571134727459719
1419,Others,2023-11-24,0.00024721878862793575
1420,Others,2023-12-01,0.00037355248412401944
1421,Others,2023-12-08,9.090495886550612e-05
1422,Others,2023-12-15,0.000278473962684489
1423,Others,2023-12-22,0.00017467248908296942
1424,Others,2023-12-29,0.00024908151192477737
1425,Others,2024-01-05,0.0
1426,Others,2024-01-12,0.00018262338492443957
1427,Others,2024-01-19,0.0009307616733026526
1428,Others,2024-01-26,0.00023183925811437405
1429,Others,2024-02-02,0.0005363779165549213
1430,Others,2023-11-17,0.0002571134727459719
1431,Others,2023-11-24,0.006180469715698394
1432,Others,2023-12-01,0.007471049682480389
1433,Others,2023-12-08,0.0061815372028544155
1434,Others,2023-12-15,0.008447043534762833
1435,Others,2023-12-22,0.008820960698689956
1436,Others,2023-12-29,0.009963260476991096
1437,Others,2024-01-05,0.010923343828310736
1438,Others,2024-01-12,0.00867461078391088
1439,Others,2024-01-19,0.009617870624127412
1440,Others,2024-01-26,0.0068006182380216385
1441,Others,2024-02-02,0.009118424581433662
1442,Others,2023-01-06,0.0
1443,Others,2023-01-13,0.0
1444,Others,2023-01-20,0.0
1445,Others,2023-01-27,0.0
1446,Others,2023-02-03,0.0
1447,Others,2023-02-10,0.0
1448,Others,2023-02-17,0.0
1449,Others,2023-02-24,0.0
1450,Others,2023-03-03,0.0
1451,Others,2023-03-10,0.0
1452,Others,2023-03-17,0.0
1453,Others,2023-03-24,0.0
1454,Others,2023-03-31,0.0
1455,Others,2023-04-07,0.0
1456,Others,2023-04-14,0.0
1457,Others,2023-04-21,0.0
1458,Others,2023-04-28,0.0
1459,Others,2023-05-05,0.0
1460,Others,2023-05-12,0.0
1461,Others,2023-05-19,0.0
1462,Others,2023-05-26,0.0
1463,Others,2023-06-02,0.0
1464,Others,2023-06-09,0.0
1465,Others,2023-06-16,0.0
1466,Others,2023-06-23,0.0
1467,Others,2023-06-30,0.0
1468,Others,2023-07-07,0.0
1469,Others,2023-07-14,0.0
1470,Others,2023-07-21,0.0
1471,Others,2023-07-28,0.0
1472,Others,2023-08-04,0.0
1473,Others,2023-08-11,0.0
1474,Others,2023-08-18,0.0
1475,Others,2023-08-25,0.0
1476,Others,2023-09-01,0.0
1477,Others,2023-09-08,0.0
1478,Others,2023-09-15,0.0
1479,Others,2023-09-22,0.0
1480,Others,2023-09-29,0.0
1481,Others,2023-10-06,0.0
1482,Others,2023-10-13,0.0
1483,Others,2023-10-20,0.0
1484,Others,2023-10-27,0.0
1485,Others,2023-11-03,0.0
1486,Others,2023-11-10,0.0
1487,Others,2023-11-17,0.0
1488,Others,2023-11-24,0.0
1489,Others,2023-12-01,0.0
1490,Others,2023-12-08,0.0
1491,Others,2023-12-15,0.0
1492,Others,2023-12-22,0.0
1493,Others,2023-12-29,0.0
1494,Others,2024-01-05,0.0
1495,Others,2024-01-12,0.0
1496,Others,2024-01-19,0.0
1497,Others,2024-01-26,0.0
1498,Others,2024-02-02,0.0
1499,NBRX_Brand4,2023-01-06,0.06287204869239515
1500,NBRX_Brand4,2023-01-13,0.07974159685071162
1501,NBRX_Brand4,2023-01-20,0.0786266420069237
1502,NBRX_Brand4,2023-01-27,0.07070530726256984
1503,NBRX_Brand4,2023-02-03,0.05986572174561731
1504,NBRX_Brand4,2023-02-10,0.06514550264550265
1505,NBRX_Brand4,2023-02-17,0.06166909683506303
1506,NBRX_Brand4,2023-02-24,0.06618705035971223
1507,NBRX_Brand4,2023-03-03,0.06281428449671865
1508,NBRX_Brand4,2023-03-10,0.05856681504756917
1509,NBRX_Brand4,2023-03-17,0.06746286545952657
1510,NBRX_Brand4,2023-03-24,0.05673271156573688
1511,NBRX_Brand4,2023-03-31,0.056179775280898875
1512,NBRX_Brand4,2023-04-07,0.061658855398374686
1513,NBRX_Brand4,2023-04-14,0.053138404972424065
1514,NBRX_Brand4,2023-04-21,0.06798236225865834
1515,NBRX_Brand4,2023-04-28,0.0513783913670322
1516,NBRX_Brand4,2023-05-05,0.06638297872340425
1517,NBRX_Brand4,2023-05-12,0.056636865294948026
1518,NBRX_Brand4,2023-05-19,0.07154541541110633
1519,NBRX_Brand4,2023-05-26,0.06026151222285389
1520,NBRX_Brand4,2023-06-02,0.05982616548143131
1521,NBRX_Brand4,2023-06-09,0.05706246977623422
1522,NBRX_Brand4,2023-06-16,0.06361334458709075
1523,NBRX_Brand4,2023-06-23,0.06035559827006247
1524,NBRX_Brand4,2023-06-30,0.058635154030039244
1525,NBRX_Brand4,2023-07-07,0.06638701440817071
1526,NBRX_Brand4,2023-07-14,0.059827363825776365
1527,NBRX_Brand4,2023-07-21,0.06424225272392811
1528,NBRX_Brand4,2023-07-28,0.06692657569850552
1529,NBRX_Brand4,2023-08-04,0.06454211798406588
1530,NBRX_Brand4,2023-08-11,0.05482345378575692
1531,NBRX_Brand4,2023-08-18,0.0660102620995701
1532,NBRX_Brand4,2023-08-25,0.061926401140515015
1533,NBRX_Brand4,2023-09-01,0.06359464268989416
1534,NBRX_Brand4,2023-09-08,0.059263880224578916
1535,NBRX_Brand4,2023-09-15,0.0671465100861824
1536,NBRX_Brand4,2023-09-22,0.06312320432651682
1537,NBRX_Brand4,2023-09-29,0.06049411221426922
1538,NBRX_Brand4,2023-10-06,0.06375515215294221
1539,NBRX_Brand4,2023-10-13,0.06688125894134478
1540,NBRX_Brand4,2023-10-20,0.06688114549821016
1541,NBRX_Brand4,2023-10-27,0.0550613021732395
1542,NBRX_Brand4,2023-11-03,0.05944818431781549
1543,NBRX_Brand4,2023-11-10,0.05451416344946276
1544,NBRX_Brand4,2023-11-17,0.058878985258827565
1545,NBRX_Brand4,2023-11-24,0.05389369592088999
1546,NBRX_Brand4,2023-12-01,0.06238326484871124
1547,NBRX_Brand4,2023-12-08,0.051997636471069496
1548,NBRX_Brand4,2023-12-15,0.06339923883783533
1549,NBRX_Brand4,2023-12-22,0.058253275109170305
1550,NBRX_Brand4,2023-12-29,0.05641696245096208
1551,NBRX_Brand4,2024-01-05,0.06656814238899955
1552,NBRX_Brand4,2024-01-12,0.07094918504314478
1553,NBRX_Brand4,2024-01-19,0.06442939138528363
1554,NBRX_Brand4,2024-01-26,0.0678516228748068
1555,NBRX_Brand4,2024-02-02,0.06367572123673422
1556,Others,2023-01-06,0.0
1557,Others,2023-01-13,0.0
1558,Others,2023-01-20,0.0
1559,Others,2023-01-27,0.0
1560,Others,2023-02-03,0.0
1561,Others,2023-02-10,0.0
1562,Others,2023-02-17,0.0
1563,Others,2023-02-24,0.0
1564,Others,2023-03-03,0.0
1565,Others,2023-03-10,0.0
1566,Others,2023-03-17,0.0
1567,Others,2023-03-24,0.0
1568,Others,2023-03-31,0.0
1569,Others,2023-04-07,0.0
1570,Others,2023-04-14,0.0
1571,Others,2023-04-21,0.0
1572,Others,2023-04-28,0.0
1573,Others,2023-05-05,0.0
1574,Others,2023-05-12,0.0
1575,Others,2023-05-19,0.0
1576,Others,2023-05-26,0.0
1577,Others,2023-06-02,0.0
1578,Others,2023-06-09,0.0
1579,Others,2023-06-16,0.0
1580,Others,2023-06-23,0.0
1581,Others,2023-06-30,0.0
1582,Others,2023-07-07,0.0
1583,Others,2023-07-14,0.0
1584,Others,2023-07-21,0.0
1585,Others,2023-07-28,0.0
1586,Others,2023-08-04,0.0
1587,Others,2023-08-11,0.0
1588,Others,2023-08-18,0.0
1589,Others,2023-08-25,0.0
1590,Others,2023-09-01,0.0
1591,Others,2023-09-08,0.0
1592,Others,2023-09-15,0.0
1593,Others,2023-09-22,0.0
1594,Others,2023-09-29,0.0
1595,Others,2023-10-06,0.0
1596,Others,2023-10-13,0.0
1597,Others,2023-10-20,0.0
1598,Others,2023-10-27,0.0
1599,Others,2023-11-03,0.0
1600,Others,2023-11-10,0.0
1601,Others,2023-11-17,0.0
1602,Others,2023-11-24,0.0
1603,Others,2023-12-01,0.0
1604,Others,2023-12-08,0.0
1605,Others,2023-12-15,0.0
1606,Others,2023-12-22,0.0
1607,Others,2023-12-29,0.0
1608,Others,2024-01-05,0.0
1609,Others,2024-01-12,0.0
1610,Others,2024-01-19,0.0
1611,Others,2024-01-26,0.0
1612,Others,2024-02-02,0.0
1613,Others,2023-01-06,0.0
1614,Others,2023-01-13,0.0
1615,Others,2023-01-20,0.0
1616,Others,2023-01-27,0.0
1617,Others,2023-02-03,0.0
1618,Others,2023-02-10,0.0
1619,Others,2023-02-17,0.0
1620,Others,2023-02-24,0.0
1621,Others,2023-03-03,0.0
1622,Others,2023-03-10,0.0
1623,Others,2023-03-17,0.0
1624,Others,2023-03-24,0.0
1625,Others,2023-03-31,0.0
1626,Others,2023-04-07,0.0
1627,Others,2023-04-14,0.0
1628,Others,2023-04-21,0.0
1629,Others,2023-04-28,0.0
1630,Others,2023-05-05,0.0
1631,Others,2023-05-12,0.0
1632,Others,2023-05-19,0.0
1633,Others,2023-05-26,0.0
1634,Others,2023-06-02,0.0
1635,Others,2023-06-09,0.0
1636,Others,2023-06-16,0.0
1637,Others,2023-06-23,0.0
1638,Others,2023-06-30,0.0
1639,Others,2023-07-07,0.0
1640,Others,2023-07-14,0.0
1641,Others,2023-07-21,0.0
1642,Others,2023-07-28,0.0
1643,Others,2023-08-04,0.0
1644,Others,2023-08-11,0.0
1645,Others,2023-08-18,0.0
1646,Others,2023-08-25,0.0
1647,Others,2023-09-01,0.0
1648,Others,2023-09-08,0.0
1649,Others,2023-09-15,0.0
1650,Others,2023-09-22,0.0
1651,Others,2023-09-29,0.0
1652,Others,2023-10-06,0.0
1653,Others,2023-10-13,0.0
1654,Others,2023-10-20,0.0
1655,Others,2023-10-27,0.0
1656,Others,2023-11-03,0.0
1657,Others,2023-11-10,0.0
1658,Others,2023-11-17,0.0
1659,Others,2023-11-24,0.0
1660,Others,2023-12-01,0.0
1661,Others,2023-12-08,0.0
1662,Others,2023-12-15,0.0
1663,Others,2023-12-22,0.0
1664,Others,2023-12-29,0.0
1665,Others,2024-01-05,0.0
1666,Others,2024-01-12,0.0
1667,Others,2024-01-19,0.0
1668,Others,2024-01-26,0.0
1669,Others,2024-02-02,0.0
1670,Others,2023-01-06,0.0
1671,Others,2023-01-13,0.0
1672,Others,2023-01-20,0.0
1673,Others,2023-01-27,0.0
1674,Others,2023-02-03,0.0
1675,Others,2023-02-10,0.0
1676,Others,2023-02-17,0.0
1677,Others,2023-02-24,0.0
1678,Others,2023-03-03,0.0
1679,Others,2023-03-10,0.0
1680,Others,2023-03-17,0.0
1681,Others,2023-03-24,0.0
1682,Others,2023-03-31,0.0
1683,Others,2023-04-07,0.0
1684,Others,2023-04-14,0.0
1685,Others,2023-04-21,0.0
1686,Others,2023-04-28,0.0
1687,Others,2023-05-05,0.0
1688,Others,2023-05-12,0.0
1689,Others,2023-05-19,0.0
1690,Others,2023-05-26,0.0
1691,Others,2023-06-02,0.0
1692,Others,2023-06-09,0.0
1693,Others,2023-06-16,0.0
1694,Others,2023-06-23,0.0
1695,Others,2023-06-30,0.0
1696,Others,2023-07-07,0.0
1697,Others,2023-07-14,0.0
1698,Others,2023-07-21,0.0
1699,Others,2023-07-28,0.0
1700,Others,2023-08-04,0.0
1701,Others,2023-08-11,0.0
1702,Others,2023-08-18,0.0
1703,Others,2023-08-25,0.0
1704,Others,2023-09-01,0.0
1705,Others,2023-09-08,0.0
1706,Others,2023-09-15,0.0
1707,Others,2023-09-22,0.0
1708,Others,2023-09-29,0.0
1709,Others,2023-10-06,0.0
1710,Others,2023-10-13,0.0
1711,Others,2023-10-20,0.0
1712,Others,2023-10-27,0.0
1713,Others,2023-11-03,0.0
1714,Others,2023-11-10,0.0
1715,Others,2023-11-17,0.0
1716,Others,2023-11-24,0.0
1717,Others,2023-12-01,0.0
1718,Others,2023-12-08,0.0
1719,Others,2023-12-15,0.0
1720,Others,2023-12-22,0.0
1721,Others,2023-12-29,0.0
1722,Others,2024-01-05,0.0
1723,Others,2024-01-12,0.0
1724,Others,2024-01-19,0.0
1725,Others,2024-01-26,0.0
1726,Others,2024-02-02,0.0
1727,NBRX_Brand5,2023-01-06,0.09056250418032238
1728,NBRX_Brand5,2023-01-13,0.08791763399616431
1729,NBRX_Brand5,2023-01-20,0.08147199696495472
1730,NBRX_Brand5,2023-01-27,0.08371159217877094
1731,NBRX_Brand5,2023-02-03,0.07674375233121969
1732,NBRX_Brand5,2023-02-10,0.08953373015873016
1733,NBRX_Brand5,2023-02-17,0.07933785058752894
1734,NBRX_Brand5,2023-02-24,0.08408273381294964
1735,NBRX_Brand5,2023-03-03,0.08395124861501747
1736,NBRX_Brand5,2023-03-10,0.08387885135724885
1737,NBRX_Brand5,2023-03-17,0.08878044604254955
1738,NBRX_Brand5,2023-03-24,0.08870933081187948
1739,NBRX_Brand5,2023-03-31,0.0783212161269002
1740,NBRX_Brand5,2023-04-07,0.08909145633572688
1741,NBRX_Brand5,2023-04-14,0.08509148209752254
1742,NBRX_Brand5,2023-04-21,0.08938738815873966
1743,NBRX_Brand5,2023-04-28,0.08676656909432479
1744,NBRX_Brand5,2023-05-05,0.08958566629339305
1745,NBRX_Brand5,2023-05-12,0.08521196047397014
1746,NBRX_Brand5,2023-05-19,0.0866982350408954
1747,NBRX_Brand5,2023-05-26,0.09026107491144444
1748,NBRX_Brand5,2023-06-02,0.08059600406366407
1749,NBRX_Brand5,2023-06-09,0.08484635336527893
1750,NBRX_Brand5,2023-06-16,0.08777930789391852
1751,NBRX_Brand5,2023-06-23,0.09870254685247477
1752,NBRX_Brand5,2023-06-30,0.08605836453024221
1753,NBRX_Brand5,2023-07-07,0.08049121527144507
1754,NBRX_Brand5,2023-07-14,0.09217184244468697
1755,NBRX_Brand5,2023-07-21,0.08839205697844442
1756,NBRX_Brand5,2023-07-28,0.08864754478789566
1757,NBRX_Brand5,2023-08-04,0.09453048070897861
1758,NBRX_Brand5,2023-08-11,0.08678084393222829
1759,NBRX_Brand5,2023-08-18,0.08967780705403781
1760,NBRX_Brand5,2023-08-25,0.08990466007306425
1761,NBRX_Brand5,2023-09-01,0.08504261496675096
1762,NBRX_Brand5,2023-09-08,0.09706799750467873
1763,NBRX_Brand5,2023-09-15,0.08514063831802254
1764,NBRX_Brand5,2023-09-22,0.07647456481324996
1765,NBRX_Brand5,2023-09-29,0.0894019856845994
1766,NBRX_Brand5,2023-10-06,0.08304832061738139
1767,NBRX_Brand5,2023-10-13,0.08351216022889844
1768,NBRX_Brand5,2023-10-20,0.08437174316915129
1769,NBRX_Brand5,2023-10-27,0.08108706236444917
1770,NBRX_Brand5,2023-11-03,0.08865080117568977
1771,NBRX_Brand5,2023-11-10,0.08679473463882043
1772,NBRX_Brand5,2023-11-17,0.06864929722317449
1773,NBRX_Brand5,2023-11-24,0.06934487021013597
1774,NBRX_Brand5,2023-12-01,0.07788569293985804
1775,NBRX_Brand5,2023-12-08,0.08908685968819599
1776,NBRX_Brand5,2023-12-15,0.07787988489742875
1777,NBRX_Brand5,2023-12-22,0.08087336244541485
1778,NBRX_Brand5,2023-12-29,0.07646802416090666
1779,NBRX_Brand5,2024-01-05,0.06926685086422926
1780,NBRX_Brand5,2024-01-12,0.07514952289640689
1781,NBRX_Brand5,2024-01-19,0.08128651946843167
1782,NBRX_Brand5,2024-01-26,0.07449768160741886
1783,NBRX_Brand5,2024-02-02,0.08459445998237616
1784,NBRX_Brand6,2023-01-06,0.04869239515751455
1785,NBRX_Brand6,2023-01-13,0.043908347632986774
1786,NBRX_Brand6,2023-01-20,0.04912979560866884
1787,NBRX_Brand6,2023-01-27,0.048315293296089384
1788,NBRX_Brand6,2023-02-03,0.04998135024244685
1789,NBRX_Brand6,2023-02-10,0.04799107142857143
1790,NBRX_Brand6,2023-02-17,0.05034737112959945
1791,NBRX_Brand6,2023-02-24,0.04941546762589928
1792,NBRX_Brand6,2023-03-03,0.05024290462797239
1793,NBRX_Brand6,2023-03-10,0.04460155363533211
1794,NBRX_Brand6,2023-03-17,0.04584564016951329
1795,NBRX_Brand6,2023-03-24,0.04822280483087635
1796,NBRX_Brand6,2023-03-31,0.04556345009914078
1797,NBRX_Brand6,2023-04-07,0.04673861633056714
1798,NBRX_Brand6,2023-04-14,0.049855554582859146
1799,NBRX_Brand6,2023-04-21,0.044993364441970975
1800,NBRX_Brand6,2023-04-28,0.046616278561754564
1801,NBRX_Brand6,2023-05-05,0.047301231802911535
1802,NBRX_Brand6,2023-05-12,0.046541472387389315
1803,NBRX_Brand6,2023-05-19,0.05299182092122256
1804,NBRX_Brand6,2023-05-26,0.04451830148248568
1805,NBRX_Brand6,2023-06-02,0.046788576588779766
1806,NBRX_Brand6,2023-06-09,0.046115971336879585
1807,NBRX_Brand6,2023-06-16,0.047354626626982366
1808,NBRX_Brand6,2023-06-23,0.048294089380105716
1809,NBRX_Brand6,2023-06-30,0.046908123224031394
1810,NBRX_Brand6,2023-07-07,0.043406894036111615
1811,NBRX_Brand6,2023-07-14,0.047326123623375335
1812,NBRX_Brand6,2023-07-21,0.04929012782415923
1813,NBRX_Brand6,2023-07-28,0.048175995544416594
1814,NBRX_Brand6,2023-08-04,0.04905559036791693
1815,NBRX_Brand6,2023-08-11,0.05000229578952202
1816,NBRX_Brand6,2023-08-18,0.04345213331484307
1817,NBRX_Brand6,2023-08-25,0.048605542190145234
1818,NBRX_Brand6,2023-09-01,0.050248197059099005
1819,NBRX_Brand6,2023-09-08,0.05165315034310668
1820,NBRX_Brand6,2023-09-15,0.05185150108911829
1821,NBRX_Brand6,2023-09-22,0.050109852966030086
1822,NBRX_Brand6,2023-09-29,0.04839528977141538
1823,NBRX_Brand6,2023-10-06,0.046961325966850834
1824,NBRX_Brand6,2023-10-13,0.0491326895565093
1825,NBRX_Brand6,2023-10-20,0.04929992296887036
1826,NBRX_Brand6,2023-10-27,0.05032532200239012
1827,NBRX_Brand6,2023-11-03,0.05001422205366455
1828,NBRX_Brand6,2023-11-10,0.05000232568956695
1829,NBRX_Brand6,2023-11-17,0.050908467603702434
1830,NBRX_Brand6,2023-11-24,0.055871446229913475
1831,NBRX_Brand6,2023-12-01,0.053137840866641764
1832,NBRX_Brand6,2023-12-08,0.06540611790373164
1833,NBRX_Brand6,2023-12-15,0.06632321544602246
1834,NBRX_Brand6,2023-12-22,0.0662882096069869
1835,NBRX_Brand6,2023-12-29,0.08219689893517654
1836,NBRX_Brand6,2024-01-05,0.07055195013814818
1837,NBRX_Brand6,2024-01-12,0.07551476966625577
1838,NBRX_Brand6,2024-01-19,0.06551528000413671
1839,NBRX_Brand6,2024-01-26,0.06657650695517775
1840,NBRX_Brand6,2024-02-02,0.07474809394276082
1841,NBRX_Brand7,2023-01-06,0.09283659955855797
1842,NBRX_Brand7,2023-01-13,0.1017462400323004
1843,NBRX_Brand7,2023-01-20,0.0887276521079338
1844,NBRX_Brand7,2023-01-27,0.09012744413407821
1845,NBRX_Brand7,2023-02-03,0.08961208504289445
1846,NBRX_Brand7,2023-02-10,0.0923445767195767
1847,NBRX_Brand7,2023-02-17,0.08542756668667982
1848,NBRX_Brand7,2023-02-24,0.08970323741007194
1849,NBRX_Brand7,2023-03-03,0.08932071933861757
1850,NBRX_Brand7,2023-03-10,0.08985772889936283
1851,NBRX_Brand7,2023-03-17,0.08535593510551774
1852,NBRX_Brand7,2023-03-24,0.0866893024455237
1853,NBRX_Brand7,2023-03-31,0.0806345009914078
1854,NBRX_Brand7,2023-04-07,0.07933095412133981
1855,NBRX_Brand7,2023-04-14,0.08250897312439814
1856,NBRX_Brand7,2023-04-21,0.08365084121751787
1857,NBRX_Brand7,2023-04-28,0.07658700685919001
1858,NBRX_Brand7,2023-05-05,0.08613661814109742
1859,NBRX_Brand7,2023-05-12,0.08110535996920049
1860,NBRX_Brand7,2023-05-19,0.08265174343521309
1861,NBRX_Brand7,2023-05-26,0.08947391437442603
1862,NBRX_Brand7,2023-06-02,0.08420814990405237
1863,NBRX_Brand7,2023-06-09,0.08374730733723128
1864,NBRX_Brand7,2023-06-16,0.07840611256718938
1865,NBRX_Brand7,2023-06-23,0.08870735223450264
1866,NBRX_Brand7,2023-06-30,0.0888097063731902
1867,NBRX_Brand7,2023-07-07,0.08158550671773361
1868,NBRX_Brand7,2023-07-14,0.08641730330389921
1869,NBRX_Brand7,2023-07-21,0.08428847695863402
1870,NBRX_Brand7,2023-07-28,0.08892601875058015
1871,NBRX_Brand7,2023-08-04,0.08132664935994988
1872,NBRX_Brand7,2023-08-11,0.08016897010882042
1873,NBRX_Brand7,2023-08-18,0.08292885868811538
1874,NBRX_Brand7,2023-08-25,0.08834536220261963
1875,NBRX_Brand7,2023-09-01,0.08949143017701601
1876,NBRX_Brand7,2023-09-08,0.08951965065502182
1877,NBRX_Brand7,2023-09-15,0.08353063737096315
1878,NBRX_Brand7,2023-09-22,0.08150245056616529
1879,NBRX_Brand7,2023-09-29,0.0868159778342184
1880,NBRX_Brand7,2023-10-06,0.08304832061738139
1881,NBRX_Brand7,2023-10-13,0.08024856938483546
1882,NBRX_Brand7,2023-10-20,0.07843581494403915
1883,NBRX_Brand7,2023-10-27,0.07781171159208604
1884,NBRX_Brand7,2023-11-03,0.08281975917322461
1885,NBRX_Brand7,2023-11-10,0.08102702451276804
1886,NBRX_Brand7,2023-11-17,0.08223345903325335
1887,NBRX_Brand7,2023-11-24,0.08473423980222497
1888,NBRX_Brand7,2023-12-01,0.08260179305192379
1889,NBRX_Brand7,2023-12-08,0.07699650015908367
1890,NBRX_Brand7,2023-12-15,0.08419196138494384
1891,NBRX_Brand7,2023-12-22,0.07707423580786026
1892,NBRX_Brand7,2023-12-29,0.07677937605081263
1893,NBRX_Brand7,2024-01-05,0.081346784039067
1894,NBRX_Brand7,2024-01-12,0.07994338675067342
1895,NBRX_Brand7,2024-01-19,0.07373700811831015
1896,NBRX_Brand7,2024-01-26,0.08496908809891808
1897,NBRX_Brand7,2024-02-02,0.08501589977395502
1898,Others,2023-01-06,0.00815998929837469
1899,Others,2023-01-13,0.016251135560714645
1900,Others,2023-01-20,0.012946365059041115
1901,Others,2023-01-27,0.017938198324022346
1902,Others,2023-02-03,0.020234986945169717
1903,Others,2023-02-10,0.01665839947089947
1904,Others,2023-02-17,0.009906509992280642
1905,Others,2023-02-24,0.012724820143884891
1906,Others,2023-03-03,0.015170885536520923
1907,Others,2023-03-10,0.009644758662826219
1908,Others,2023-03-17,0.013484011814562734
1909,Others,2023-03-24,0.008638844715691752
1910,Others,2023-03-31,0.017886649041639127
1911,Others,2023-04-07,0.010405469321064625
1912,Others,2023-04-14,0.01658933730193469
1913,Others,2023-04-21,0.018836422792071577
1914,Others,2023-04-28,0.023635807593167028
1915,Others,2023-05-05,0.011153415453527436
1916,Others,2023-05-12,0.01266201822303974
1917,Others,2023-05-19,0.010202324580284115
1918,Others,2023-05-26,0.015087243626186207
1919,Others,2023-06-02,0.014109944689016819
1920,Others,2023-06-09,0.018244164065591068
1921,Others,2023-06-16,0.010394918040069302
1922,Others,2023-06-23,0.011388755406054782
1923,Others,2023-06-30,0.011862342699923322
1924,Others,2023-07-07,0.008267979816402213
1925,Others,2023-07-14,0.011558686377616827
1926,Others,2023-07-21,0.012074902127258149
1927,Others,2023-07-28,0.013877285807110366
1928,Others,2023-08-04,0.015173216363799123
1929,Others,2023-08-11,0.014417558198264381
1930,Others,2023-08-18,0.013266768363148893
1931,Others,2023-08-25,0.012429831595829992
1932,Others,2023-09-01,0.007071274702631826
1933,Others,2023-09-08,0.007049282595134124
1934,Others,2023-09-15,0.008570887394639643
1935,Others,2023-09-22,0.006379922257900963
1936,Others,2023-09-29,0.012652966982221197
1937,Others,2023-10-06,0.011356660527931247
1938,Others,2023-10-13,0.00675071530758226
1939,Others,2023-10-20,0.015043726494177352
1940,Others,2023-10-27,0.01664232284335856
1941,Others,2023-11-03,0.016165734332037548
1942,Others,2023-11-10,0.013163402948974369
1943,Others,2023-11-17,0.016712375728488174
1944,Others,2023-11-24,0.012546353522867738
1945,Others,2023-12-01,0.010319387373926037
1946,Others,2023-12-08,0.013226671514931142
1947,Others,2023-12-15,0.006961849067112225
1948,Others,2023-12-22,0.007379912663755458
1949,Others,2023-12-29,0.02609128837412043
1950,Others,2024-01-05,0.01644927070616205
1951,Others,2024-01-12,0.010592156325617495
1952,Others,2024-01-19,0.020114793939707328
1953,Others,2024-01-26,0.011321483771251932
1954,Others,2024-02-02,0.016282901038274396
1955,Others,2023-01-06,0.01116982141662765
1956,Others,2023-01-13,0.012970626829514484
1957,Others,2023-01-20,0.012140181154265661
1958,Others,2023-01-27,0.006197625698324023
1959,Others,2023-02-03,0.01655165982842223
1960,Others,2023-02-10,0.009011243386243387
1961,Others,2023-02-17,0.007376275838408097
1962,Others,2023-02-24,0.006789568345323741
1963,Others,2023-03-03,0.007031449757095371
1964,Others,2023-03-10,0.005629746006808065
1965,Others,2023-03-17,0.00950301785026326
1966,Others,2023-03-24,0.0050285812524175875
1967,Others,2023-03-31,0.010988103106411103
1968,Others,2023-04-07,0.006449671066775594
1969,Others,2023-04-14,0.010154950538387464
1970,Others,2023-04-21,0.014127317094053684
1971,Others,2023-04-28,0.011315479051072568
1972,Others,2023-05-05,0.005643896976483762
1973,Others,2023-05-12,0.010437609616289513
1974,Others,2023-05-19,0.005725355144210073
1975,Others,2023-05-26,0.004241920671710325
1976,Others,2023-06-02,0.008748165707190428
1977,Others,2023-06-09,0.005187497252384929
1978,Others,2023-06-16,0.0064412953667096085
1979,Others,2023-06-23,0.0008649687650168188
1980,Others,2023-06-30,0.004735916287041631
1981,Others,2023-07-07,0.00425557784667761
1982,Others,2023-07-14,0.009276713959718226
1983,Others,2023-07-21,0.007546813829536343
1984,Others,2023-07-28,0.008771929824561403
1985,Others,2023-08-04,0.007922298809417241
1986,Others,2023-08-11,0.0067496211947288675
1987,Others,2023-08-18,0.014237507511671983
1988,Others,2023-08-25,0.006905461997683329
1989,Others,2023-09-01,0.008522993350192002
1990,Others,2023-09-08,0.009856519026824703
1991,Others,2023-09-15,0.010275594279761342
1992,Others,2023-09-22,0.006337671117120161
1993,Others,2023-09-29,0.007434772569845301
1994,Others,2023-10-06,0.008331140927826011
1995,Others,2023-10-13,0.004694206008583691
1996,Others,2023-10-20,0.010603108432643074
1997,Others,2023-10-27,0.011242420218651794
1998,Others,2023-11-03,0.00914952119085996
1999,Others,2023-11-10,0.011116796130052559
2000,Others,2023-11-17,0.009256085018854988
2001,Others,2023-11-24,0.012855377008652658
2002,Others,2023-12-01,0.007611131864026896
2003,Others,2023-12-08,0.011499477296486524
2004,Others,2023-12-15,0.012856214610600577
2005,Others,2023-12-22,0.008777292576419213
2006,Others,2023-12-29,0.013574942399900368
2007,Others,2024-01-05,0.005847201696331041
2008,Others,2024-01-12,0.009633383554764188
2009,Others,2024-01-19,0.020580174776358654
2010,Others,2024-01-26,0.01035548686244204
2011,Others,2024-02-02,0.013562698747174438
